#;sample;time;sensors
2;54840000;0.059816 ;1.025000;0.275000;0.000000;0.050000;0.050000;0.000000;0.200000;0.000000;0.000000;0.050000;0.400000;0.050000;0.275000;0.050000;0.050000;0.000000;0.000000;0.025000;
3;54885966;0.114702 ;1.025000;0.275000;0.000000;0.050000;0.050000;0.000000;0.200000;0.000000;0.000000;0.050000;0.400000;0.050000;0.275000;0.050000;0.050000;0.000000;0.000000;0.025000;
4;54867103;0.169569 ;1.025000;0.275000;0.000000;0.050000;0.050000;0.000000;0.200000;0.000000;0.000000;0.050000;0.375000;0.050000;0.275000;0.050000;0.050000;0.000000;0.000000;0.025000;
5;54847842;0.224417 ;1.025000;0.275000;0.000000;0.050000;0.050000;0.000000;0.200000;0.000000;0.000000;0.050000;0.400000;0.050000;0.275000;0.050000;0.050000;0.000000;0.000000;0.050000;
6;54847901;0.279264 ;1.025000;0.275000;0.000000;0.050000;0.050000;0.000000;0.200000;0.000000;0.000000;0.050000;0.400000;0.050000;0.275000;0.050000;0.050000;0.000000;0.000000;0.025000;
7;54898877;0.334163 ;1.025000;0.275000;0.000000;0.050000;0.050000;0.000000;0.200000;0.000000;0.000000;0.050000;0.400000;0.050000;0.275000;0.050000;0.050000;0.000000;0.000000;0.025000;
8;54841110;0.389004 ;1.025000;0.275000;0.000000;0.050000;0.050000;0.000000;0.200000;0.000000;0.000000;0.050000;0.400000;0.050000;0.275000;0.050000;0.050000;0.000000;0.000000;0.025000;
9;54841341;0.443846 ;1.025000;0.275000;0.000000;0.050000;0.050000;0.000000;0.200000;0.000000;0.000000;0.050000;0.400000;0.050000;0.275000;0.050000;0.050000;0.000000;0.000000;0.025000;
10;54829750;0.498676 ;1.025000;0.275000;0.000000;0.050000;0.050000;0.000000;0.200000;0.000000;0.000000;0.050000;0.400000;0.050000;0.275000;0.050000;0.050000;0.000000;0.000000;0.025000;
11;54840110;0.553516 ;1.025000;0.275000;0.000000;0.050000;0.050000;0.000000;0.200000;0.000000;0.000000;0.050000;0.400000;0.050000;0.275000;0.050000;0.050000;0.000000;0.000000;0.025000;
12;54846061;0.608362 ;1.025000;0.275000;0.000000;0.050000;0.050000;0.000000;0.200000;0.000000;0.000000;0.050000;0.400000;0.050000;0.275000;0.050000;0.050000;0.000000;0.000000;0.025000;
13;54864963;0.663227 ;1.025000;0.275000;0.000000;0.050000;0.050000;0.000000;0.200000;0.000000;0.000000;0.050000;0.400000;0.050000;0.275000;0.050000;0.050000;0.000000;0.000000;0.025000;
14;54857193;0.718084 ;1.025000;0.275000;0.000000;0.050000;0.050000;0.000000;0.200000;0.000000;0.000000;0.050000;0.400000;0.050000;0.275000;0.050000;0.050000;0.000000;0.000000;0.025000;
15;54847601;0.772932 ;1.025000;0.275000;0.000000;0.050000;0.050000;0.000000;0.200000;0.000000;0.000000;0.050000;0.400000;0.050000;0.275000;0.050000;0.050000;0.000000;0.000000;0.025000;
16;54860423;0.827792 ;1.025000;0.275000;0.000000;0.050000;0.050000;0.000000;0.200000;0.000000;0.000000;0.050000;0.400000;0.050000;0.275000;0.050000;0.050000;0.000000;0.000000;0.025000;
17;54866783;0.882659 ;1.025000;0.275000;0.000000;0.050000;0.050000;0.000000;0.200000;0.000000;0.000000;0.050000;0.400000;0.050000;0.275000;0.050000;0.050000;0.000000;0.000000;0.025000;
18;54856292;0.937515 ;1.025000;0.275000;0.000000;0.050000;0.050000;0.000000;0.200000;0.000000;0.000000;0.050000;0.400000;0.050000;0.275000;0.050000;0.050000;0.000000;0.000000;0.025000;
19;54850712;0.992366 ;1.025000;0.275000;0.000000;0.050000;0.050000;0.000000;0.200000;0.000000;0.000000;0.050000;0.400000;0.050000;0.275000;0.050000;0.050000;0.000000;0.000000;0.025000;
22;37217781;1.047227 ;1.075000;0.275000;0.000000;0.050000;0.050000;0.000000;0.200000;0.000000;0.000000;0.050000;0.400000;0.050000;0.275000;0.050000;0.050000;0.000000;0.000000;0.025000;
23;54863463;1.102090 ;1.100000;0.275000;0.000000;0.050000;0.050000;0.000000;0.200000;0.000000;0.000000;0.050000;0.400000;0.050000;0.275000;0.050000;0.050000;0.000000;0.000000;0.025000;
24;54840870;1.156931 ;1.100000;0.275000;0.000000;0.050000;0.050000;0.000000;0.200000;0.000000;0.000000;0.050000;0.400000;0.050000;0.275000;0.050000;0.050000;0.000000;0.000000;0.025000;
25;54859023;1.211790 ;1.100000;0.275000;0.000000;0.050000;0.050000;0.000000;0.200000;0.000000;0.000000;0.050000;0.400000;0.050000;0.275000;0.050000;0.050000;0.000000;0.000000;0.050000;
26;54850832;1.266641 ;1.100000;0.275000;0.000000;0.050000;0.050000;0.000000;0.200000;0.000000;0.000000;0.050000;0.400000;0.050000;0.275000;0.050000;0.050000;0.000000;0.000000;0.050000;
27;54923269;1.321564 ;1.100000;0.275000;0.000000;0.050000;0.050000;0.000000;0.200000;0.000000;0.000000;0.050000;0.400000;0.050000;0.275000;0.050000;0.050000;0.000000;0.000000;0.025000;
28;54841360;1.376406 ;1.100000;0.275000;0.000000;0.050000;0.050000;0.000000;0.200000;0.000000;0.000000;0.050000;0.400000;0.050000;0.275000;0.050000;0.050000;0.000000;0.000000;0.025000;
29;54841321;1.431247 ;1.100000;0.275000;0.000000;0.050000;0.050000;0.000000;0.200000;0.000000;0.000000;0.050000;0.400000;0.050000;0.275000;0.050000;0.050000;0.000000;0.000000;0.025000;
30;54848702;1.486096 ;1.100000;0.275000;0.000000;0.050000;0.050000;0.000000;0.200000;0.000000;0.000000;0.050000;0.400000;0.050000;0.275000;0.050000;0.050000;0.000000;0.000000;0.025000;
31;54873184;1.540969 ;1.100000;0.275000;0.000000;0.050000;0.050000;0.000000;0.200000;0.000000;0.000000;0.050000;0.400000;0.050000;0.275000;0.050000;0.050000;0.000000;0.000000;0.025000;
32;54860642;1.595830 ;1.100000;0.275000;0.000000;0.050000;0.050000;0.000000;0.200000;0.000000;0.000000;0.050000;0.400000;0.050000;0.275000;0.050000;0.050000;0.000000;0.000000;0.025000;
33;54850442;1.650680 ;1.100000;0.275000;0.000000;0.050000;0.050000;0.000000;0.200000;0.000000;0.000000;0.050000;0.400000;0.050000;0.275000;0.050000;0.050000;0.000000;0.000000;0.025000;
34;54848281;1.705528 ;1.100000;0.275000;0.000000;0.050000;0.050000;0.000000;0.200000;0.000000;0.000000;0.050000;0.400000;0.050000;0.275000;0.050000;0.050000;0.000000;0.000000;0.025000;
35;54842681;1.760371 ;1.100000;0.275000;0.000000;0.050000;0.050000;0.000000;0.200000;0.000000;0.000000;0.050000;0.400000;0.050000;0.275000;0.050000;0.050000;0.000000;0.000000;0.025000;
36;54863023;1.815234 ;1.100000;0.275000;0.000000;0.050000;0.050000;0.000000;0.200000;0.000000;0.000000;0.050000;0.400000;0.050000;0.275000;0.050000;0.050000;0.000000;0.000000;0.025000;
37;54852832;1.870087 ;1.100000;0.275000;0.000000;0.050000;0.050000;0.000000;0.200000;0.000000;0.000000;0.050000;0.400000;0.050000;0.275000;0.050000;0.050000;0.000000;0.000000;0.025000;
38;54845811;1.924933 ;1.100000;0.275000;0.000000;0.050000;0.050000;0.000000;0.200000;0.000000;0.000000;0.050000;0.400000;0.050000;0.275000;0.050000;0.050000;0.000000;0.000000;0.025000;
39;54865303;1.979798 ;1.100000;0.275000;0.000000;0.050000;0.050000;0.000000;0.200000;0.000000;0.000000;0.050000;0.400000;0.050000;0.275000;0.050000;0.050000;0.000000;0.000000;0.025000;
40;56783108;2.036581 ;1.100000;0.275000;0.000000;0.050000;0.050000;0.000000;0.200000;0.000000;0.000000;0.050000;0.400000;0.050000;0.275000;0.050000;0.050000;0.000000;0.000000;0.025000;
41;55067814;2.091649 ;1.100000;0.275000;0.000000;0.050000;0.050000;0.000000;0.200000;0.000000;0.000000;0.050000;0.400000;0.050000;0.275000;0.050000;0.050000;0.000000;0.000000;0.025000;
42;54871604;2.146521 ;1.100000;0.275000;0.000000;0.050000;0.050000;0.000000;0.200000;0.000000;0.000000;0.050000;0.400000;0.050000;0.275000;0.050000;0.050000;0.000000;0.000000;0.025000;
43;54882805;2.201403 ;1.100000;0.275000;0.000000;0.050000;0.050000;0.000000;0.200000;0.000000;0.000000;0.050000;0.400000;0.050000;0.275000;0.050000;0.050000;0.000000;0.000000;0.025000;
44;54870224;2.256274 ;1.100000;0.275000;0.000000;0.050000;0.050000;0.000000;0.200000;0.000000;0.000000;0.050000;0.400000;0.050000;0.275000;0.050000;0.050000;0.000000;0.000000;0.025000;
45;54857202;2.311131 ;1.125000;0.275000;0.000000;0.050000;0.050000;0.000000;0.200000;0.000000;0.000000;0.050000;0.400000;0.050000;0.275000;0.050000;0.050000;0.000000;0.000000;0.025000;
46;54845781;2.365977 ;1.100000;0.275000;0.000000;0.050000;0.050000;0.000000;0.200000;0.000000;0.000000;0.050000;0.375000;0.050000;0.275000;0.050000;0.050000;0.000000;0.000000;0.050000;
47;54863943;2.420840 ;1.100000;0.275000;0.000000;0.050000;0.050000;0.000000;0.200000;0.000000;0.000000;0.050000;0.400000;0.050000;0.275000;0.050000;0.050000;0.000000;0.000000;0.025000;
48;54859833;2.475700 ;1.100000;0.275000;0.000000;0.050000;0.050000;0.000000;0.200000;0.000000;0.000000;0.050000;0.400000;0.050000;0.275000;0.050000;0.050000;0.000000;0.000000;0.025000;
49;54945061;2.530645 ;1.100000;0.275000;0.000000;0.050000;0.050000;0.000000;0.200000;0.000000;0.000000;0.050000;0.400000;0.050000;0.275000;0.050000;0.050000;0.000000;0.000000;0.025000;
50;54846361;2.585492 ;1.100000;0.275000;0.000000;0.050000;0.050000;0.000000;0.200000;0.000000;0.000000;0.050000;0.400000;0.050000;0.275000;0.050000;0.050000;0.000000;0.000000;0.025000;
51;54854222;2.640346 ;1.100000;0.275000;0.000000;0.050000;0.050000;0.000000;0.200000;0.000000;0.000000;0.050000;0.400000;0.050000;0.275000;0.050000;0.050000;0.000000;0.000000;0.025000;
52;54857493;2.695203 ;1.100000;0.275000;0.000000;0.050000;0.050000;0.000000;0.200000;0.000000;0.000000;0.050000;0.400000;0.050000;0.275000;0.050000;0.050000;0.000000;0.000000;0.025000;
53;54844891;2.750048 ;1.100000;0.275000;0.000000;0.050000;0.050000;0.000000;0.200000;0.000000;0.000000;0.050000;0.400000;0.050000;0.275000;0.050000;0.050000;0.000000;0.000000;0.025000;
54;54845491;2.804894 ;1.100000;0.275000;0.000000;0.050000;0.050000;0.000000;0.200000;0.000000;0.000000;0.050000;0.400000;0.050000;0.275000;0.050000;0.050000;0.000000;0.000000;0.025000;
55;54844341;2.859738 ;1.100000;0.275000;0.000000;0.050000;0.050000;0.000000;0.200000;0.000000;0.000000;0.050000;0.400000;0.050000;0.275000;0.050000;0.050000;0.000000;0.000000;0.025000;
56;54844301;2.914582 ;1.100000;0.275000;0.000000;0.050000;0.050000;0.000000;0.200000;0.000000;0.000000;0.050000;0.400000;0.050000;0.275000;0.050000;0.050000;0.000000;0.000000;0.025000;
57;54864813;2.969447 ;1.100000;0.275000;0.000000;0.050000;0.050000;0.000000;0.200000;0.000000;0.000000;0.050000;0.400000;0.050000;0.275000;0.050000;0.050000;0.000000;0.000000;0.025000;
58;54856182;3.024303 ;1.100000;0.275000;0.000000;0.050000;0.050000;0.000000;0.200000;0.000000;0.000000;0.050000;0.400000;0.050000;0.275000;0.050000;0.050000;0.000000;0.000000;0.025000;
59;54841331;3.079145 ;1.100000;0.275000;0.000000;0.050000;0.050000;0.000000;0.200000;0.000000;0.000000;0.050000;0.400000;0.050000;0.275000;0.050000;0.050000;0.000000;0.000000;0.025000;
60;54843451;3.133988 ;1.100000;0.275000;0.000000;0.050000;0.050000;0.000000;0.200000;0.000000;0.000000;0.050000;0.400000;0.050000;0.275000;0.050000;0.050000;0.000000;0.000000;0.025000;
61;54864633;3.188853 ;1.100000;0.275000;0.000000;0.050000;0.050000;0.000000;0.200000;0.000000;0.000000;0.050000;0.400000;0.050000;0.275000;0.050000;0.050000;0.000000;0.000000;0.025000;
62;55117709;3.243971 ;1.100000;0.275000;0.000000;0.050000;0.050000;0.000000;0.200000;0.000000;0.000000;0.050000;0.400000;0.050000;0.275000;0.050000;0.050000;0.000000;0.000000;0.025000;
63;54867533;3.298838 ;1.100000;0.275000;0.000000;0.050000;0.050000;0.000000;0.200000;0.000000;0.000000;0.050000;0.400000;0.050000;0.275000;0.050000;0.050000;0.000000;0.000000;0.025000;
64;54861573;3.353700 ;1.100000;0.275000;0.000000;0.050000;0.050000;0.000000;0.200000;0.000000;0.000000;0.050000;0.400000;0.050000;0.275000;0.050000;0.050000;0.000000;0.000000;0.025000;
65;54839940;3.408540 ;1.100000;0.275000;0.000000;0.050000;0.050000;0.000000;0.200000;0.000000;0.000000;0.050000;0.400000;0.050000;0.275000;0.050000;0.050000;0.000000;0.000000;0.025000;
66;54857163;3.463397 ;1.100000;0.275000;0.000000;0.050000;0.050000;0.000000;0.200000;0.000000;0.000000;0.050000;0.400000;0.050000;0.275000;0.050000;0.050000;0.000000;0.000000;0.025000;
67;54872054;3.518269 ;1.100000;0.275000;0.000000;0.050000;0.050000;0.000000;0.200000;0.000000;0.000000;0.050000;0.400000;0.050000;0.275000;0.050000;0.050000;0.000000;0.000000;0.025000;
68;54851621;3.573120 ;1.100000;0.275000;0.000000;0.050000;0.050000;0.000000;0.200000;0.000000;0.000000;0.050000;0.400000;0.050000;0.275000;0.050000;0.050000;0.000000;0.000000;0.025000;
69;54880255;3.628001 ;1.100000;0.275000;0.000000;0.050000;0.050000;0.000000;0.200000;0.000000;0.000000;0.050000;0.400000;0.050000;0.275000;0.050000;0.050000;0.000000;0.000000;0.025000;
70;54857692;3.682858 ;1.100000;0.275000;0.000000;0.050000;0.050000;0.000000;0.200000;0.000000;0.000000;0.050000;0.400000;0.050000;0.275000;0.050000;0.050000;0.000000;0.000000;0.025000;
71;54900467;3.737759 ;1.100000;0.275000;0.000000;0.050000;0.050000;0.000000;0.200000;0.000000;0.000000;0.050000;0.400000;0.050000;0.275000;0.050000;0.050000;0.000000;0.000000;0.025000;
72;54844851;3.792604 ;1.100000;0.275000;0.000000;0.050000;0.050000;0.000000;0.200000;0.000000;0.000000;0.050000;0.400000;0.050000;0.275000;0.050000;0.050000;0.000000;0.000000;0.025000;
73;54840671;3.847444 ;1.100000;0.275000;0.000000;0.050000;0.050000;0.000000;0.200000;0.000000;0.000000;0.050000;0.400000;0.050000;0.275000;0.050000;0.050000;0.000000;0.000000;0.025000;
74;54851672;3.902296 ;1.100000;0.275000;0.000000;0.050000;0.050000;0.000000;0.200000;0.000000;0.000000;0.050000;0.400000;0.050000;0.275000;0.050000;0.050000;0.000000;0.000000;0.025000;
75;54841280;3.957137 ;1.100000;0.275000;0.000000;0.050000;0.050000;0.000000;0.200000;0.000000;0.000000;0.050000;0.400000;0.050000;0.275000;0.050000;0.050000;0.000000;0.000000;0.025000;
76;54854582;4.011992 ;1.100000;0.275000;0.000000;0.050000;0.050000;0.000000;0.200000;0.000000;0.000000;0.050000;0.400000;0.050000;0.275000;0.050000;0.050000;0.000000;0.000000;0.025000;
77;54854543;4.066846 ;1.100000;0.275000;0.000000;0.050000;0.050000;0.000000;0.200000;0.000000;0.000000;0.050000;0.375000;0.050000;0.275000;0.050000;0.050000;0.000000;0.000000;0.025000;
78;54866803;4.121713 ;1.100000;0.275000;0.000000;0.050000;0.050000;0.000000;0.200000;0.000000;0.000000;0.050000;0.400000;0.050000;0.275000;0.050000;0.050000;0.000000;0.000000;0.025000;
79;54850962;4.176564 ;1.100000;0.275000;0.000000;0.050000;0.050000;0.000000;0.200000;0.000000;0.000000;0.050000;0.375000;0.050000;0.275000;0.050000;0.050000;0.000000;0.000000;0.025000;
80;54860812;4.231425 ;1.100000;0.275000;0.000000;0.050000;0.050000;0.000000;0.200000;0.000000;0.000000;0.050000;0.400000;0.050000;0.275000;0.050000;0.050000;0.000000;0.000000;0.025000;
81;54856513;4.286282 ;1.100000;0.275000;0.000000;0.050000;0.050000;0.000000;0.200000;0.000000;0.000000;0.050000;0.400000;0.050000;0.275000;0.050000;0.050000;0.000000;0.000000;0.025000;
82;54850511;4.341132 ;1.100000;0.275000;0.000000;0.050000;0.050000;0.000000;0.200000;0.000000;0.000000;0.050000;0.375000;0.050000;0.275000;0.050000;0.050000;0.000000;0.000000;0.025000;
83;54853462;4.395986 ;1.100000;0.275000;0.000000;0.050000;0.050000;0.000000;0.200000;0.000000;0.000000;0.050000;0.400000;0.050000;0.275000;0.050000;0.050000;0.000000;0.000000;0.025000;
84;54861163;4.450847 ;1.100000;0.275000;0.000000;0.050000;0.050000;0.000000;0.200000;0.000000;0.000000;0.050000;0.400000;0.050000;0.275000;0.050000;0.050000;0.000000;0.000000;0.025000;
85;54861453;4.505708 ;1.100000;0.275000;0.000000;0.050000;0.050000;0.000000;0.200000;0.000000;0.000000;0.050000;0.400000;0.050000;0.275000;0.050000;0.050000;0.000000;0.000000;0.025000;
86;54857102;4.560565 ;1.100000;0.275000;0.000000;0.050000;0.050000;0.000000;0.200000;0.000000;0.000000;0.050000;0.400000;0.050000;0.275000;0.050000;0.050000;0.000000;0.000000;0.025000;
87;54853662;4.615419 ;1.100000;0.275000;0.000000;0.050000;0.050000;0.000000;0.200000;0.000000;0.000000;0.050000;0.400000;0.050000;0.275000;0.050000;0.050000;0.000000;0.000000;0.025000;
88;54864283;4.670283 ;1.100000;0.275000;0.000000;0.050000;0.050000;0.000000;0.200000;0.000000;0.000000;0.050000;0.400000;0.050000;0.275000;0.050000;0.050000;0.000000;0.000000;0.050000;
89;54846951;4.725130 ;1.100000;0.275000;0.000000;0.050000;0.050000;0.000000;0.200000;0.000000;0.000000;0.050000;0.400000;0.050000;0.275000;0.050000;0.050000;0.000000;0.000000;0.025000;
90;54863133;4.779993 ;1.100000;0.275000;0.000000;0.050000;0.050000;0.000000;0.200000;0.000000;0.000000;0.050000;0.400000;0.050000;0.275000;0.050000;0.050000;0.000000;0.000000;0.025000;
91;54861353;4.834855 ;1.100000;0.275000;0.000000;0.050000;0.050000;0.000000;0.200000;0.000000;0.000000;0.050000;0.400000;0.050000;0.275000;0.050000;0.050000;0.000000;0.000000;0.025000;
92;54856572;4.889711 ;1.100000;0.275000;0.000000;0.050000;0.050000;0.000000;0.200000;0.000000;0.000000;0.050000;0.400000;0.050000;0.275000;0.050000;0.050000;0.000000;0.000000;0.025000;
93;54881865;4.944593 ;1.100000;0.275000;0.000000;0.050000;0.050000;0.000000;0.200000;0.000000;0.000000;0.050000;0.400000;0.050000;0.275000;0.050000;0.050000;0.000000;0.000000;0.025000;
94;54845041;4.999438 ;1.100000;0.275000;0.000000;0.050000;0.050000;0.000000;0.200000;0.000000;0.000000;0.050000;0.400000;0.050000;0.275000;0.050000;0.050000;0.000000;0.000000;0.025000;
95;54861233;5.054299 ;1.100000;0.275000;0.000000;0.050000;0.050000;0.000000;0.200000;0.000000;0.000000;0.050000;0.400000;0.050000;0.275000;0.050000;0.050000;0.000000;0.000000;0.025000;
96;54859332;5.109159 ;1.100000;0.275000;0.000000;0.050000;0.050000;0.000000;0.200000;0.000000;0.000000;0.050000;0.400000;0.050000;0.275000;0.050000;0.050000;0.000000;0.000000;0.025000;
97;54836281;5.163995 ;1.100000;0.275000;0.000000;0.050000;0.050000;0.000000;0.200000;0.000000;0.000000;0.050000;0.400000;0.050000;0.275000;0.050000;0.050000;0.000000;0.000000;0.025000;
98;54850301;5.218845 ;1.100000;0.275000;0.000000;0.050000;0.050000;0.000000;0.200000;0.000000;0.000000;0.050000;0.400000;0.050000;0.275000;0.050000;0.050000;0.000000;0.000000;0.025000;
99;54866944;5.273712 ;1.100000;0.275000;0.000000;0.050000;0.050000;0.000000;0.200000;0.000000;0.000000;0.050000;0.400000;0.050000;0.275000;0.050000;0.050000;0.000000;0.000000;0.025000;
100;54866543;5.328579 ;1.100000;0.275000;0.000000;0.050000;0.050000;0.000000;0.200000;0.000000;0.000000;0.050000;0.400000;0.050000;0.275000;0.050000;0.050000;0.000000;0.000000;0.050000;
101;54848131;5.383427 ;1.100000;0.275000;0.000000;0.050000;0.050000;0.000000;0.200000;0.000000;0.000000;0.050000;0.400000;0.050000;0.275000;0.050000;0.050000;0.000000;0.000000;0.025000;
102;54855002;5.438282 ;1.100000;0.275000;0.000000;0.050000;0.050000;0.000000;0.200000;0.000000;0.000000;0.050000;0.400000;0.050000;0.275000;0.050000;0.050000;0.000000;0.000000;0.025000;
103;54852822;5.493135 ;1.100000;0.275000;0.000000;0.050000;0.050000;0.000000;0.200000;0.000000;0.000000;0.050000;0.400000;0.050000;0.275000;0.050000;0.050000;0.000000;0.000000;0.025000;
104;54862333;5.547997 ;1.100000;0.275000;0.000000;0.050000;0.050000;0.000000;0.200000;0.000000;0.000000;0.050000;0.400000;0.050000;0.275000;0.050000;0.050000;0.000000;0.000000;0.025000;
105;54851702;5.602849 ;1.100000;0.275000;0.000000;0.050000;0.050000;0.000000;0.200000;0.000000;0.000000;0.050000;0.400000;0.050000;0.275000;0.050000;0.050000;0.000000;0.000000;0.025000;
106;54854152;5.657703 ;1.100000;0.275000;0.000000;0.050000;0.050000;0.000000;0.200000;0.000000;0.000000;0.050000;0.400000;0.050000;0.275000;0.050000;0.050000;0.000000;0.000000;0.025000;
107;54856132;5.712559 ;1.100000;0.275000;0.000000;0.050000;0.050000;0.000000;0.200000;0.000000;0.000000;0.050000;0.400000;0.050000;0.275000;0.050000;0.050000;0.000000;0.000000;0.025000;
108;54851542;5.767411 ;1.100000;0.275000;0.000000;0.050000;0.050000;0.000000;0.200000;0.000000;0.000000;0.050000;0.400000;0.050000;0.275000;0.050000;0.050000;0.000000;0.000000;0.025000;
109;54862003;5.822273 ;1.100000;0.275000;0.000000;0.050000;0.050000;0.000000;0.200000;0.000000;0.000000;0.050000;0.400000;0.050000;0.275000;0.050000;0.050000;0.000000;0.000000;0.025000;
110;54840470;5.877113 ;1.100000;0.275000;0.000000;0.050000;0.050000;0.000000;0.200000;0.000000;0.000000;0.050000;0.400000;0.050000;0.275000;0.050000;0.050000;0.000000;0.000000;0.025000;
111;54870764;5.931984 ;1.100000;0.275000;0.000000;0.050000;0.050000;0.000000;0.200000;0.000000;0.000000;0.050000;0.400000;0.050000;0.275000;0.050000;0.050000;0.000000;0.000000;0.025000;
112;54865483;5.986849 ;1.100000;0.275000;0.000000;0.050000;0.050000;0.000000;0.200000;0.000000;0.000000;0.050000;0.400000;0.050000;0.275000;0.050000;0.050000;0.000000;0.000000;0.025000;
113;54865723;6.041715 ;1.125000;0.275000;0.000000;0.050000;0.050000;0.000000;0.200000;0.000000;0.000000;0.050000;0.400000;0.050000;0.275000;0.050000;0.050000;0.000000;0.000000;0.025000;
114;54853272;6.096568 ;1.200000;0.275000;0.000000;0.050000;0.050000;0.000000;0.200000;0.000000;0.000000;0.050000;0.400000;0.050000;0.275000;0.050000;0.050000;0.000000;0.000000;0.025000;
115;54897887;6.151466 ;1.200000;0.275000;0.000000;0.050000;0.050000;0.000000;0.200000;0.000000;0.000000;0.050000;0.400000;0.050000;0.275000;0.050000;0.050000;0.000000;0.000000;0.025000;
116;54844201;6.206310 ;1.200000;0.275000;0.000000;0.050000;0.050000;0.000000;0.200000;0.000000;0.000000;0.050000;0.400000;0.050000;0.275000;0.050000;0.050000;0.000000;0.000000;0.025000;
117;54856372;6.261167 ;1.200000;0.275000;0.000000;0.050000;0.050000;0.000000;0.200000;0.000000;0.000000;0.050000;0.400000;0.050000;0.275000;0.050000;0.050000;0.000000;0.000000;0.025000;
118;54967714;6.316134 ;1.200000;0.275000;0.000000;0.050000;0.050000;0.000000;0.200000;0.000000;0.000000;0.050000;0.400000;0.050000;0.275000;0.050000;0.050000;0.000000;0.000000;0.025000;
119;54846751;6.370981 ;1.200000;0.275000;0.000000;0.050000;0.050000;0.000000;0.200000;0.000000;0.000000;0.050000;0.400000;0.050000;0.275000;0.050000;0.050000;0.000000;0.000000;0.025000;
120;54855052;6.425836 ;1.200000;0.275000;0.000000;0.050000;0.050000;0.000000;0.200000;0.000000;0.000000;0.050000;0.400000;0.050000;0.275000;0.050000;0.050000;0.000000;0.000000;0.025000;
121;54852522;6.480689 ;1.200000;0.275000;0.000000;0.050000;0.050000;0.000000;0.200000;0.000000;0.000000;0.050000;0.400000;0.050000;0.275000;0.050000;0.050000;0.000000;0.000000;0.025000;
122;54851072;6.535540 ;1.200000;0.275000;0.000000;0.050000;0.050000;0.000000;0.200000;0.000000;0.000000;0.050000;0.400000;0.050000;0.275000;0.050000;0.050000;0.000000;0.000000;0.025000;
123;54852031;6.590392 ;1.200000;0.275000;0.000000;0.050000;0.050000;0.000000;0.200000;0.000000;0.000000;0.050000;0.400000;0.050000;0.275000;0.050000;0.050000;0.000000;0.000000;0.025000;
124;54858463;6.645250 ;1.200000;0.275000;0.000000;0.050000;0.050000;0.000000;0.200000;0.000000;0.000000;0.050000;0.400000;0.050000;0.275000;0.050000;0.050000;0.000000;0.000000;0.025000;
125;54848601;6.700099 ;1.200000;0.275000;0.000000;0.050000;0.050000;0.000000;0.200000;0.000000;0.000000;0.050000;0.400000;0.050000;0.275000;0.050000;0.050000;0.000000;0.000000;0.025000;
126;54862573;6.754962 ;1.200000;0.275000;0.000000;0.050000;0.050000;0.000000;0.200000;0.000000;0.000000;0.050000;0.400000;0.050000;0.275000;0.050000;0.050000;0.000000;0.000000;0.025000;
127;54842961;6.809804 ;1.200000;0.275000;0.000000;0.050000;0.050000;0.000000;0.200000;0.000000;0.000000;0.050000;0.400000;0.050000;0.275000;0.050000;0.050000;0.000000;0.000000;0.025000;
128;54862353;6.864667 ;1.200000;0.275000;0.000000;0.050000;0.050000;0.000000;0.200000;0.000000;0.000000;0.050000;0.400000;0.050000;0.275000;0.050000;0.050000;0.000000;0.000000;0.025000;
129;54859062;6.919526 ;1.200000;0.275000;0.000000;0.050000;0.050000;0.000000;0.200000;0.000000;0.000000;0.050000;0.400000;0.050000;0.275000;0.050000;0.050000;0.000000;0.000000;0.025000;
130;54853032;6.974379 ;1.200000;0.275000;0.000000;0.050000;0.050000;0.000000;0.200000;0.000000;0.000000;0.050000;0.400000;0.050000;0.275000;0.050000;0.050000;0.000000;0.000000;0.025000;
131;54863183;7.029242 ;1.200000;0.275000;0.000000;0.050000;0.050000;0.000000;0.200000;0.000000;0.000000;0.050000;0.400000;0.050000;0.275000;0.050000;0.050000;0.000000;0.000000;0.025000;
132;54858633;7.084101 ;1.200000;0.275000;0.000000;0.050000;0.050000;0.000000;0.200000;0.000000;0.000000;0.050000;0.400000;0.050000;0.275000;0.050000;0.050000;0.000000;0.000000;0.025000;
133;54847831;7.138949 ;1.200000;0.275000;0.000000;0.050000;0.050000;0.000000;0.200000;0.000000;0.000000;0.050000;0.400000;0.050000;0.275000;0.050000;0.050000;0.000000;0.000000;0.025000;
134;54927470;7.193876 ;1.200000;0.275000;0.000000;0.050000;0.050000;0.000000;0.200000;0.000000;0.000000;0.050000;0.400000;0.050000;0.275000;0.050000;0.050000;0.000000;0.000000;0.025000;
135;54849131;7.248725 ;1.200000;0.275000;0.025000;0.050000;0.050000;0.000000;0.200000;0.000000;0.000000;0.050000;0.400000;0.050000;0.275000;0.050000;0.050000;0.000000;0.000000;0.025000;
136;54695296;7.303420 ;1.200000;0.275000;0.000000;0.050000;0.050000;0.000000;0.200000;0.000000;0.000000;0.050000;0.400000;0.050000;0.275000;0.050000;0.050000;0.000000;0.000000;0.025000;
137;786896432;8.090317 ;1.200000;0.275000;0.000000;0.050000;0.050000;0.000000;0.200000;0.000000;0.000000;0.050000;0.400000;0.050000;0.275000;0.050000;0.050000;0.000000;0.000000;0.025000;
138;54851192;8.145168 ;1.200000;0.275000;0.000000;0.050000;0.050000;0.000000;0.200000;0.000000;0.000000;0.050000;0.400000;0.050000;0.275000;0.050000;0.050000;0.000000;0.000000;0.025000;
139;54859602;8.200028 ;1.200000;0.275000;0.000000;0.050000;0.050000;0.000000;0.200000;0.000000;0.000000;0.050000;0.400000;0.050000;0.275000;0.050000;0.050000;0.000000;0.000000;0.025000;
140;54853382;8.254881 ;1.200000;0.275000;0.000000;0.050000;0.050000;0.000000;0.200000;0.000000;0.000000;0.050000;0.400000;0.050000;0.275000;0.050000;0.050000;0.000000;0.000000;0.025000;
141;54859643;8.309741 ;1.200000;0.275000;0.000000;0.050000;0.050000;0.000000;0.200000;0.000000;0.000000;0.050000;0.400000;0.050000;0.275000;0.050000;0.050000;0.000000;0.000000;0.025000;
142;54837610;8.364578 ;1.200000;0.275000;0.000000;0.050000;0.050000;0.000000;0.200000;0.000000;0.000000;0.050000;0.400000;0.050000;0.275000;0.050000;0.050000;0.000000;0.000000;0.025000;
143;54847981;8.419426 ;1.200000;0.275000;0.000000;0.050000;0.050000;0.000000;0.200000;0.000000;0.000000;0.050000;0.400000;0.050000;0.275000;0.050000;0.050000;0.000000;0.000000;0.025000;
144;54859313;8.474286 ;1.200000;0.275000;0.000000;0.050000;0.050000;0.000000;0.200000;0.000000;0.000000;0.050000;0.400000;0.050000;0.275000;0.050000;0.050000;0.000000;0.000000;0.025000;
145;54849671;8.529135 ;1.200000;0.275000;0.000000;0.050000;0.050000;0.000000;0.200000;0.000000;0.000000;0.050000;0.400000;0.050000;0.275000;0.050000;0.050000;0.000000;0.000000;0.025000;
146;54861373;8.583997 ;1.200000;0.275000;0.000000;0.050000;0.050000;0.000000;0.200000;0.000000;0.000000;0.050000;0.400000;0.050000;0.275000;0.050000;0.050000;0.000000;0.000000;0.025000;
147;54857713;8.638854 ;1.200000;0.275000;0.000000;0.050000;0.050000;0.000000;0.200000;0.000000;0.000000;0.050000;0.400000;0.050000;0.275000;0.050000;0.050000;0.000000;0.000000;0.025000;
148;54863863;8.693718 ;1.200000;0.275000;0.000000;0.050000;0.050000;0.000000;0.200000;0.000000;0.000000;0.050000;0.400000;0.050000;0.275000;0.050000;0.050000;0.000000;0.000000;0.025000;
149;54846951;8.748565 ;1.200000;0.275000;0.000000;0.050000;0.050000;0.000000;0.200000;0.000000;0.000000;0.050000;0.400000;0.050000;0.275000;0.050000;0.050000;0.000000;0.000000;0.025000;
150;54850392;8.803416 ;1.200000;0.275000;0.000000;0.050000;0.050000;0.000000;0.200000;0.000000;0.000000;0.050000;0.400000;0.050000;0.275000;0.050000;0.050000;0.000000;0.000000;0.025000;
151;54852521;8.858268 ;1.200000;0.275000;0.000000;0.050000;0.050000;0.000000;0.200000;0.000000;0.000000;0.050000;0.400000;0.050000;0.275000;0.050000;0.050000;0.000000;0.000000;0.025000;
152;54839631;8.913108 ;1.200000;0.275000;0.000000;0.050000;0.050000;0.000000;0.200000;0.000000;0.000000;0.050000;0.400000;0.050000;0.275000;0.050000;0.050000;0.000000;0.000000;0.025000;
153;54858802;8.967967 ;1.200000;0.275000;0.000000;0.050000;0.050000;0.000000;0.200000;0.000000;0.000000;0.050000;0.400000;0.050000;0.275000;0.050000;0.050000;0.000000;0.000000;0.025000;
154;54865194;9.022832 ;1.200000;0.275000;0.000000;0.050000;0.050000;0.000000;0.200000;0.000000;0.000000;0.050000;0.400000;0.050000;0.275000;0.050000;0.050000;0.000000;0.000000;0.025000;
155;54837860;9.077670 ;1.200000;0.275000;0.000000;0.050000;0.050000;0.000000;0.200000;0.000000;0.000000;0.050000;0.400000;0.050000;0.275000;0.050000;0.050000;0.000000;0.000000;0.025000;
156;54842971;9.132513 ;1.200000;0.275000;0.000000;0.050000;0.050000;0.000000;0.200000;0.000000;0.000000;0.050000;0.400000;0.050000;0.275000;0.050000;0.050000;0.000000;0.000000;0.025000;
157;54848081;9.187361 ;1.200000;0.275000;0.000000;0.050000;0.050000;0.000000;0.200000;0.000000;0.000000;0.050000;0.400000;0.050000;0.275000;0.050000;0.050000;0.000000;0.000000;0.025000;
158;54849012;9.242210 ;1.200000;0.275000;0.000000;0.050000;0.050000;0.000000;0.200000;0.000000;0.000000;0.050000;0.400000;0.050000;0.275000;0.050000;0.050000;0.000000;0.000000;0.025000;
159;54891585;9.297101 ;1.200000;0.275000;0.000000;0.050000;0.050000;0.000000;0.200000;0.000000;0.000000;0.050000;0.400000;0.050000;0.275000;0.050000;0.050000;0.000000;0.000000;0.025000;
160;54854343;9.351956 ;1.200000;0.275000;0.000000;0.050000;0.050000;0.000000;0.200000;0.000000;0.000000;0.050000;0.400000;0.050000;0.275000;0.050000;0.050000;0.000000;0.000000;0.025000;
161;54847611;9.406803 ;1.200000;0.275000;0.000000;0.050000;0.050000;0.000000;0.200000;0.000000;0.000000;0.050000;0.400000;0.050000;0.275000;0.050000;0.050000;0.000000;0.000000;0.025000;
162;54843531;9.461647 ;1.200000;0.275000;0.000000;0.050000;0.050000;0.000000;0.200000;0.000000;0.000000;0.050000;0.400000;0.050000;0.275000;0.050000;0.050000;0.000000;0.000000;0.050000;
163;54852432;9.516499 ;1.200000;0.275000;0.000000;0.050000;0.050000;0.000000;0.200000;0.000000;0.000000;0.050000;0.400000;0.050000;0.275000;0.050000;0.050000;0.000000;0.000000;0.025000;
164;54836700;9.571336 ;1.200000;0.275000;0.000000;0.050000;0.050000;0.000000;0.200000;0.000000;0.000000;0.050000;0.400000;0.050000;0.275000;0.050000;0.050000;0.000000;0.000000;0.050000;
165;54855972;9.626192 ;1.200000;0.275000;0.000000;0.050000;0.050000;0.000000;0.200000;0.000000;0.000000;0.050000;0.400000;0.050000;0.275000;0.050000;0.050000;0.000000;0.000000;0.025000;
166;54855392;9.681047 ;1.200000;0.275000;0.000000;0.050000;0.050000;0.000000;0.200000;0.000000;0.000000;0.050000;0.400000;0.050000;0.275000;0.050000;0.050000;0.000000;0.000000;0.025000;
167;54868914;9.735916 ;1.200000;0.275000;0.000000;0.050000;0.050000;0.000000;0.200000;0.000000;0.000000;0.050000;0.400000;0.050000;0.275000;0.050000;0.050000;0.000000;0.000000;0.025000;
168;54845301;9.790761 ;1.200000;0.275000;0.000000;0.050000;0.050000;0.000000;0.200000;0.000000;0.000000;0.050000;0.400000;0.050000;0.275000;0.050000;0.050000;0.000000;0.000000;0.025000;
169;54846651;9.845608 ;1.200000;0.275000;0.000000;0.050000;0.050000;0.000000;0.200000;0.000000;0.000000;0.050000;0.400000;0.050000;0.275000;0.050000;0.050000;0.000000;0.000000;0.025000;
170;54853872;9.900462 ;1.200000;0.275000;0.000000;0.050000;0.050000;0.000000;0.200000;0.000000;0.000000;0.050000;0.400000;0.050000;0.275000;0.050000;0.050000;0.000000;0.000000;0.025000;
171;54846651;9.955309 ;1.200000;0.275000;0.000000;0.050000;0.050000;0.000000;0.200000;0.000000;0.000000;0.050000;0.400000;0.050000;0.275000;0.050000;0.050000;0.000000;0.000000;0.025000;
172;54848452;10.010157 ;1.200000;0.275000;0.000000;0.050000;0.050000;0.000000;0.200000;0.000000;0.000000;0.050000;0.400000;0.050000;0.275000;0.050000;0.050000;0.000000;0.000000;0.025000;
173;54854742;10.065012 ;1.200000;0.275000;0.000000;0.050000;0.050000;0.000000;0.200000;0.000000;0.000000;0.050000;0.400000;0.050000;0.275000;0.050000;0.050000;0.000000;0.000000;0.025000;
174;54843321;10.119855 ;1.200000;0.275000;0.000000;0.050000;0.050000;0.000000;0.200000;0.000000;0.000000;0.050000;0.400000;0.050000;0.275000;0.050000;0.050000;0.000000;0.000000;0.025000;
175;54848901;10.174704 ;1.200000;0.275000;0.000000;0.050000;0.050000;0.000000;0.200000;0.000000;0.000000;0.050000;0.400000;0.050000;0.275000;0.050000;0.050000;0.000000;0.000000;0.025000;
176;54860263;10.229564 ;1.200000;0.275000;0.000000;0.050000;0.050000;0.000000;0.200000;0.000000;0.000000;0.050000;0.400000;0.050000;0.275000;0.050000;0.050000;0.000000;0.000000;0.025000;
177;54850972;10.284415 ;1.200000;0.275000;0.000000;0.050000;0.050000;0.000000;0.200000;0.000000;0.000000;0.050000;0.400000;0.050000;0.275000;0.050000;0.050000;0.000000;0.000000;0.025000;
178;54850491;10.339266 ;1.200000;0.275000;0.000000;0.050000;0.050000;0.000000;0.200000;0.000000;0.000000;0.050000;0.400000;0.050000;0.275000;0.050000;0.050000;0.000000;0.000000;0.025000;
179;54841191;10.394107 ;1.200000;0.275000;0.000000;0.050000;0.050000;0.000000;0.200000;0.000000;0.000000;0.050000;0.400000;0.050000;0.275000;0.050000;0.050000;0.000000;0.000000;0.025000;
180;54857632;10.448965 ;1.200000;0.275000;0.000000;0.050000;0.050000;0.000000;0.200000;0.000000;0.000000;0.050000;0.400000;0.050000;0.275000;0.050000;0.050000;0.000000;0.000000;0.025000;
181;54873124;10.503838 ;1.200000;0.275000;0.000000;0.050000;0.050000;0.000000;0.200000;0.000000;0.000000;0.050000;0.400000;0.050000;0.275000;0.050000;0.050000;0.000000;0.000000;0.025000;
182;54850392;10.558688 ;1.200000;0.275000;0.000000;0.050000;0.050000;0.000000;0.200000;0.000000;0.000000;0.050000;0.400000;0.050000;0.275000;0.050000;0.050000;0.000000;0.000000;0.025000;
183;54853142;10.613541 ;1.200000;0.275000;0.000000;0.050000;0.050000;0.000000;0.200000;0.000000;0.000000;0.050000;0.400000;0.050000;0.275000;0.050000;0.050000;0.000000;0.000000;0.025000;
184;54857182;10.668398 ;1.200000;0.275000;0.000000;0.050000;0.050000;0.000000;0.200000;0.000000;0.000000;0.050000;0.400000;0.050000;0.275000;0.050000;0.050000;0.000000;0.000000;0.025000;
185;54848661;10.723247 ;1.200000;0.275000;0.000000;0.050000;0.050000;0.000000;0.200000;0.000000;0.000000;0.050000;0.400000;0.050000;0.275000;0.050000;0.050000;0.000000;0.000000;0.025000;
186;54855173;10.778102 ;1.200000;0.275000;0.000000;0.050000;0.050000;0.000000;0.200000;0.000000;0.000000;0.050000;0.400000;0.050000;0.275000;0.050000;0.050000;0.000000;0.000000;0.025000;
187;54865303;10.832968 ;1.200000;0.275000;0.000000;0.050000;0.050000;0.000000;0.200000;0.000000;0.000000;0.050000;0.400000;0.050000;0.275000;0.050000;0.050000;0.000000;0.000000;0.025000;
188;54862173;10.887830 ;1.200000;0.275000;0.000000;0.050000;0.050000;0.000000;0.200000;0.000000;0.000000;0.050000;0.400000;0.050000;0.275000;0.050000;0.050000;0.000000;0.000000;0.025000;
189;54846531;10.942676 ;1.200000;0.275000;0.000000;0.050000;0.050000;0.000000;0.200000;0.000000;0.000000;0.050000;0.400000;0.050000;0.275000;0.050000;0.050000;0.000000;0.000000;0.025000;
190;54847581;10.997524 ;1.200000;0.275000;0.000000;0.050000;0.050000;0.000000;0.200000;0.000000;0.000000;0.050000;0.400000;0.050000;0.275000;0.050000;0.050000;0.000000;0.000000;0.025000;
191;54839751;11.052364 ;1.275000;0.275000;0.000000;0.050000;0.050000;0.000000;0.200000;0.000000;0.000000;0.050000;0.400000;0.050000;0.275000;0.050000;0.050000;0.000000;0.000000;0.025000;
192;54817298;11.107181 ;1.275000;0.275000;0.000000;0.050000;0.050000;0.000000;0.200000;0.000000;0.000000;0.050000;0.400000;0.050000;0.275000;0.050000;0.050000;0.000000;0.000000;0.025000;
193;54809157;11.161990 ;1.275000;0.275000;0.000000;0.050000;0.050000;0.000000;0.200000;0.000000;0.000000;0.050000;0.400000;0.050000;0.275000;0.050000;0.050000;0.000000;0.000000;0.025000;
194;54803927;11.216794 ;1.275000;0.275000;0.000000;0.050000;0.050000;0.000000;0.200000;0.000000;0.000000;0.050000;0.400000;0.050000;0.275000;0.050000;0.050000;0.000000;0.000000;0.025000;
195;54808328;11.271602 ;1.275000;0.275000;0.000000;0.050000;0.050000;0.000000;0.200000;0.000000;0.000000;0.050000;0.400000;0.050000;0.275000;0.050000;0.050000;0.000000;0.000000;0.025000;
196;54804327;11.326407 ;1.275000;0.275000;0.000000;0.050000;0.050000;0.000000;0.200000;0.000000;0.000000;0.050000;0.400000;0.050000;0.275000;0.050000;0.050000;0.000000;0.000000;0.025000;
197;54817538;11.381224 ;1.275000;0.275000;0.000000;0.050000;0.050000;0.000000;0.200000;0.000000;0.000000;0.050000;0.400000;0.050000;0.275000;0.050000;0.050000;0.000000;0.000000;0.025000;
198;54806667;11.436031 ;1.275000;0.275000;0.000000;0.050000;0.050000;0.000000;0.200000;0.000000;0.000000;0.050000;0.400000;0.050000;0.275000;0.050000;0.050000;0.000000;0.000000;0.025000;
199;54808938;11.490840 ;1.275000;0.275000;0.000000;0.050000;0.050000;0.000000;0.200000;0.000000;0.000000;0.050000;0.400000;0.050000;0.275000;0.050000;0.050000;0.000000;0.000000;0.025000;
200;54769953;11.545610 ;1.275000;0.275000;0.000000;0.050000;0.050000;0.000000;0.200000;0.000000;0.000000;0.050000;0.400000;0.050000;0.275000;0.050000;0.050000;0.000000;0.000000;0.025000;
201;54804647;11.600414 ;1.275000;0.275000;0.000000;0.050000;0.050000;0.000000;0.200000;0.000000;0.000000;0.050000;0.400000;0.050000;0.275000;0.050000;0.050000;0.000000;0.000000;0.025000;
202;54805927;11.655220 ;1.275000;0.275000;0.000000;0.050000;0.050000;0.000000;0.200000;0.000000;0.000000;0.050000;0.400000;0.050000;0.275000;0.050000;0.050000;0.000000;0.000000;0.025000;
203;54848872;11.710069 ;1.275000;0.275000;0.000000;0.050000;0.050000;0.000000;0.200000;0.000000;0.000000;0.050000;0.400000;0.050000;0.275000;0.050000;0.050000;0.000000;0.000000;0.025000;
204;54804656;11.764874 ;1.275000;0.275000;0.000000;0.050000;0.050000;0.000000;0.200000;0.000000;0.000000;0.050000;0.400000;0.050000;0.275000;0.050000;0.050000;0.000000;0.000000;0.025000;
205;54824069;11.819698 ;1.275000;0.275000;0.000000;0.050000;0.050000;0.000000;0.200000;0.000000;0.000000;0.050000;0.400000;0.050000;0.275000;0.050000;0.050000;0.000000;0.000000;0.025000;
206;54804667;11.874503 ;1.275000;0.275000;0.000000;0.050000;0.050000;0.000000;0.200000;0.000000;0.000000;0.050000;0.400000;0.050000;0.275000;0.050000;0.050000;0.000000;0.000000;0.025000;
207;54806058;11.929309 ;1.275000;0.275000;0.000000;0.050000;0.050000;0.000000;0.200000;0.000000;0.000000;0.050000;0.400000;0.050000;0.275000;0.050000;0.050000;0.000000;0.000000;0.025000;
208;54820568;11.984129 ;1.275000;0.275000;0.000000;0.050000;0.050000;0.000000;0.200000;0.000000;0.000000;0.050000;0.400000;0.050000;0.275000;0.050000;0.050000;0.000000;0.000000;0.025000;
209;54810028;12.038939 ;1.275000;0.275000;0.000000;0.050000;0.050000;0.000000;0.200000;0.000000;0.000000;0.050000;0.400000;0.050000;0.275000;0.050000;0.050000;0.000000;0.000000;0.025000;
210;54802006;12.093741 ;1.275000;0.275000;0.000000;0.050000;0.050000;0.000000;0.200000;0.000000;0.000000;0.050000;0.400000;0.050000;0.275000;0.050000;0.050000;0.000000;0.000000;0.025000;
211;54820479;12.148562 ;1.350000;0.275000;0.000000;0.050000;0.050000;0.000000;0.200000;0.000000;0.000000;0.050000;0.400000;0.050000;0.275000;0.050000;0.050000;0.000000;0.000000;0.025000;
212;55032010;12.203594 ;1.275000;0.275000;0.000000;0.050000;0.050000;0.000000;0.200000;0.000000;0.000000;0.050000;0.400000;0.050000;0.275000;0.050000;0.050000;0.000000;0.000000;0.025000;
213;54831950;12.258426 ;1.275000;0.275000;0.000000;0.050000;0.050000;0.000000;0.200000;0.000000;0.000000;0.050000;0.400000;0.050000;0.275000;0.050000;0.050000;0.000000;0.000000;0.025000;
214;54823369;12.313249 ;1.275000;0.275000;0.000000;0.050000;0.050000;0.000000;0.200000;0.000000;0.000000;0.050000;0.400000;0.050000;0.275000;0.050000;0.050000;0.000000;0.000000;0.025000;
215;54812727;12.368062 ;1.200000;0.275000;0.000000;0.050000;0.050000;0.000000;0.200000;0.000000;0.000000;0.050000;0.400000;0.050000;0.275000;0.050000;0.050000;0.000000;0.000000;0.025000;
216;54804267;12.422866 ;1.200000;0.275000;0.000000;0.050000;0.050000;0.000000;0.200000;0.000000;0.000000;0.050000;0.400000;0.050000;0.275000;0.050000;0.050000;0.000000;0.000000;0.025000;
217;54813538;12.477680 ;1.200000;0.275000;0.000000;0.050000;0.050000;0.000000;0.200000;0.000000;0.000000;0.050000;0.400000;0.050000;0.275000;0.050000;0.050000;0.000000;0.000000;0.025000;
218;54808238;12.532488 ;1.200000;0.275000;0.000000;0.050000;0.050000;0.000000;0.200000;0.000000;0.000000;0.050000;0.400000;0.050000;0.275000;0.050000;0.050000;0.000000;0.000000;0.025000;
219;54808107;12.587296 ;1.200000;0.275000;0.000000;0.050000;0.050000;0.000000;0.200000;0.000000;0.000000;0.050000;0.400000;0.050000;0.275000;0.050000;0.050000;0.000000;0.000000;0.025000;
220;54810158;12.642106 ;1.200000;0.275000;0.000000;0.050000;0.050000;0.000000;0.200000;0.000000;0.000000;0.050000;0.400000;0.050000;0.275000;0.050000;0.050000;0.000000;0.000000;0.025000;
221;54811397;12.696917 ;1.200000;0.275000;0.000000;0.050000;0.050000;0.000000;0.200000;0.000000;0.000000;0.050000;0.400000;0.050000;0.275000;0.050000;0.050000;0.000000;0.000000;0.025000;
222;54807037;12.751725 ;1.200000;0.275000;0.000000;0.050000;0.050000;0.000000;0.200000;0.000000;0.000000;0.050000;0.400000;0.050000;0.275000;0.050000;0.050000;0.000000;0.000000;0.025000;
223;54816419;12.806541 ;1.200000;0.275000;0.000000;0.050000;0.050000;0.000000;0.200000;0.000000;0.000000;0.050000;0.400000;0.050000;0.275000;0.050000;0.050000;0.000000;0.000000;0.025000;
224;54804717;12.861346 ;1.200000;0.275000;0.000000;0.050000;0.050000;0.000000;0.200000;0.000000;0.000000;0.050000;0.400000;0.050000;0.275000;0.050000;0.050000;0.000000;0.000000;0.025000;
225;54926209;12.916272 ;1.200000;0.275000;0.000000;0.050000;0.050000;0.000000;0.200000;0.000000;0.000000;0.050000;0.400000;0.050000;0.275000;0.050000;0.050000;0.000000;0.000000;0.025000;
226;54812588;12.971084 ;1.200000;0.275000;0.000000;0.050000;0.050000;0.000000;0.200000;0.000000;0.000000;0.050000;0.400000;0.050000;0.275000;0.050000;0.050000;0.000000;0.000000;0.050000;
227;54817368;13.025902 ;1.200000;0.275000;0.000000;0.050000;0.050000;0.000000;0.200000;0.000000;0.000000;0.050000;0.400000;0.050000;0.275000;0.050000;0.050000;0.000000;0.000000;0.025000;
228;54809367;13.080711 ;1.200000;0.275000;0.000000;0.050000;0.050000;0.000000;0.200000;0.000000;0.000000;0.050000;0.400000;0.050000;0.275000;0.050000;0.050000;0.000000;0.000000;0.025000;
229;54804507;13.135516 ;1.200000;0.275000;0.000000;0.050000;0.050000;0.000000;0.200000;0.000000;0.000000;0.050000;0.400000;0.050000;0.275000;0.050000;0.050000;0.000000;0.000000;0.050000;
230;54812208;13.190328 ;1.200000;0.275000;0.000000;0.050000;0.050000;0.000000;0.200000;0.000000;0.000000;0.050000;0.400000;0.050000;0.275000;0.050000;0.050000;0.000000;0.000000;0.025000;
231;54981625;13.245310 ;1.200000;0.275000;0.000000;0.050000;0.050000;0.000000;0.200000;0.000000;0.000000;0.050000;0.400000;0.050000;0.275000;0.050000;0.050000;0.000000;0.000000;0.025000;
232;54820279;13.300130 ;1.200000;0.275000;0.000000;0.050000;0.050000;0.000000;0.200000;0.000000;0.000000;0.050000;0.400000;0.050000;0.275000;0.050000;0.050000;0.000000;0.000000;0.050000;
233;54807337;13.354937 ;1.200000;0.275000;0.000000;0.050000;0.050000;0.000000;0.200000;0.000000;0.000000;0.050000;0.400000;0.050000;0.275000;0.050000;0.050000;0.000000;0.000000;0.025000;
234;54800626;13.409738 ;1.200000;0.275000;0.000000;0.050000;0.050000;0.000000;0.200000;0.000000;0.000000;0.050000;0.400000;0.050000;0.275000;0.050000;0.050000;0.000000;0.000000;0.025000;
235;54814298;13.464552 ;1.200000;0.275000;0.000000;0.050000;0.050000;0.000000;0.200000;0.000000;0.000000;0.050000;0.400000;0.050000;0.275000;0.050000;0.050000;0.000000;0.000000;0.025000;
236;54814448;13.519367 ;1.200000;0.275000;0.000000;0.050000;0.050000;0.000000;0.200000;0.000000;0.000000;0.050000;0.400000;0.050000;0.275000;0.050000;0.050000;0.000000;0.000000;0.025000;
237;54810188;13.574177 ;1.200000;0.275000;0.000000;0.050000;0.050000;0.000000;0.200000;0.000000;0.000000;0.050000;0.400000;0.050000;0.275000;0.050000;0.050000;0.000000;0.000000;0.025000;
238;54803527;13.628980 ;1.200000;0.275000;0.000000;0.050000;0.050000;0.000000;0.200000;0.000000;0.000000;0.050000;0.400000;0.050000;0.275000;0.050000;0.050000;0.000000;0.000000;0.025000;
239;54806787;13.683787 ;1.200000;0.275000;0.000000;0.050000;0.050000;0.000000;0.200000;0.000000;0.000000;0.050000;0.400000;0.050000;0.275000;0.050000;0.050000;0.000000;0.000000;0.025000;
240;54816938;13.738604 ;1.200000;0.275000;0.000000;0.050000;0.050000;0.000000;0.200000;0.000000;0.000000;0.050000;0.400000;0.050000;0.275000;0.050000;0.050000;0.000000;0.000000;0.050000;
241;54808758;13.793413 ;1.200000;0.275000;0.000000;0.050000;0.050000;0.000000;0.200000;0.000000;0.000000;0.050000;0.400000;0.050000;0.275000;0.050000;0.050000;0.000000;0.000000;0.025000;
242;54804047;13.848217 ;1.200000;0.275000;0.000000;0.050000;0.050000;0.000000;0.200000;0.000000;0.000000;0.050000;0.400000;0.050000;0.275000;0.050000;0.050000;0.000000;0.000000;0.025000;
243;54801606;13.903018 ;1.200000;0.275000;0.000000;0.050000;0.050000;0.000000;0.200000;0.000000;0.000000;0.050000;0.400000;0.050000;0.275000;0.050000;0.050000;0.000000;0.000000;0.025000;
244;54800667;13.957819 ;1.200000;0.275000;0.000000;0.050000;0.050000;0.000000;0.200000;0.000000;0.000000;0.050000;0.400000;0.050000;0.275000;0.050000;0.050000;0.000000;0.000000;0.025000;
245;54814278;14.012633 ;1.200000;0.275000;0.000000;0.050000;0.050000;0.000000;0.200000;0.000000;0.000000;0.050000;0.400000;0.050000;0.275000;0.050000;0.050000;0.000000;0.000000;0.025000;
246;54811487;14.067445 ;1.200000;0.275000;0.000000;0.050000;0.050000;0.000000;0.200000;0.000000;0.000000;0.050000;0.400000;0.050000;0.275000;0.050000;0.050000;0.000000;0.000000;0.025000;
247;54851252;14.122296 ;1.200000;0.275000;0.000000;0.050000;0.050000;0.000000;0.200000;0.000000;0.000000;0.050000;0.400000;0.050000;0.275000;0.050000;0.050000;0.000000;0.000000;0.025000;
248;54809158;14.177105 ;1.200000;0.275000;0.000000;0.050000;0.050000;0.000000;0.200000;0.000000;0.000000;0.050000;0.400000;0.050000;0.275000;0.050000;0.050000;0.000000;0.000000;0.025000;
249;54820078;14.231925 ;1.200000;0.275000;0.000000;0.050000;0.050000;0.000000;0.200000;0.000000;0.000000;0.050000;0.400000;0.050000;0.275000;0.050000;0.050000;0.000000;0.000000;0.025000;
250;54809268;14.286735 ;1.200000;0.275000;0.000000;0.050000;0.050000;0.000000;0.200000;0.000000;0.000000;0.050000;0.400000;0.050000;0.275000;0.050000;0.050000;0.000000;0.000000;0.025000;
251;54808497;14.341543 ;1.200000;0.275000;0.000000;0.050000;0.050000;0.000000;0.200000;0.000000;0.000000;0.050000;0.400000;0.050000;0.275000;0.050000;0.050000;0.000000;0.000000;0.025000;
252;54810007;14.396353 ;1.200000;0.275000;0.000000;0.050000;0.050000;0.000000;0.200000;0.000000;0.000000;0.050000;0.400000;0.050000;0.275000;0.050000;0.050000;0.000000;0.000000;0.050000;
253;54818079;14.451171 ;1.200000;0.275000;0.000000;0.050000;0.050000;0.000000;0.200000;0.000000;0.000000;0.050000;0.400000;0.050000;0.275000;0.050000;0.050000;0.000000;0.000000;0.025000;
254;54801766;14.505973 ;1.200000;0.275000;0.000000;0.050000;0.050000;0.000000;0.200000;0.000000;0.000000;0.050000;0.400000;0.050000;0.275000;0.050000;0.050000;0.000000;0.000000;0.025000;
255;54803577;14.560776 ;1.200000;0.275000;0.000000;0.050000;0.050000;0.000000;0.200000;0.000000;0.000000;0.050000;0.400000;0.050000;0.275000;0.050000;0.050000;0.000000;0.000000;0.025000;
256;54808228;14.615585 ;1.200000;0.275000;0.000000;0.050000;0.050000;0.000000;0.200000;0.000000;0.000000;0.050000;0.400000;0.050000;0.275000;0.050000;0.050000;0.000000;0.000000;0.025000;
257;54805747;14.670390 ;1.200000;0.275000;0.000000;0.050000;0.050000;0.000000;0.200000;0.000000;0.000000;0.050000;0.400000;0.050000;0.275000;0.050000;0.050000;0.000000;0.000000;0.025000;
258;54804837;14.725195 ;1.200000;0.275000;0.000000;0.050000;0.050000;0.000000;0.200000;0.000000;0.000000;0.050000;0.400000;0.050000;0.275000;0.050000;0.050000;0.000000;0.000000;0.025000;
259;54805857;14.780001 ;1.200000;0.275000;0.000000;0.050000;0.050000;0.000000;0.200000;0.000000;0.000000;0.050000;0.400000;0.050000;0.275000;0.050000;0.050000;0.000000;0.000000;0.050000;
260;54810957;14.834812 ;1.200000;0.275000;0.000000;0.050000;0.050000;0.000000;0.200000;0.000000;0.000000;0.050000;0.400000;0.050000;0.275000;0.050000;0.050000;0.000000;0.000000;0.025000;
261;54797847;14.889610 ;1.200000;0.275000;0.000000;0.050000;0.050000;0.000000;0.200000;0.000000;0.000000;0.050000;0.400000;0.050000;0.275000;0.050000;0.050000;0.000000;0.000000;0.025000;
262;54805097;14.944415 ;1.200000;0.275000;0.000000;0.050000;0.050000;0.000000;0.200000;0.000000;0.000000;0.050000;0.400000;0.050000;0.275000;0.050000;0.050000;0.000000;0.000000;0.025000;
263;54806337;14.999221 ;1.200000;0.275000;0.000000;0.050000;0.050000;0.000000;0.200000;0.000000;0.000000;0.050000;0.400000;0.050000;0.275000;0.050000;0.050000;0.000000;0.000000;0.050000;
264;54811107;15.054032 ;1.200000;0.275000;0.000000;0.050000;0.050000;0.000000;0.200000;0.000000;0.000000;0.050000;0.400000;0.050000;0.275000;0.050000;0.050000;0.000000;0.000000;0.025000;
265;54814498;15.108847 ;1.200000;0.275000;0.000000;0.050000;0.050000;0.000000;0.200000;0.000000;0.000000;0.050000;0.400000;0.050000;0.275000;0.050000;0.050000;0.000000;0.000000;0.025000;
266;54804597;15.163652 ;1.200000;0.275000;0.000000;0.050000;0.050000;0.000000;0.200000;0.000000;0.000000;0.050000;0.400000;0.050000;0.275000;0.050000;0.050000;0.000000;0.000000;0.025000;
267;54810328;15.218462 ;1.200000;0.275000;0.000000;0.050000;0.050000;0.000000;0.200000;0.000000;0.000000;0.050000;0.400000;0.050000;0.275000;0.050000;0.050000;0.000000;0.000000;0.025000;
268;54806467;15.273268 ;1.200000;0.275000;0.000000;0.050000;0.050000;0.000000;0.200000;0.000000;0.000000;0.050000;0.400000;0.050000;0.275000;0.050000;0.050000;0.000000;0.000000;0.025000;
269;54848142;15.328117 ;1.200000;0.275000;0.000000;0.050000;0.050000;0.000000;0.200000;0.000000;0.000000;0.050000;0.400000;0.050000;0.275000;0.050000;0.050000;0.000000;0.000000;0.025000;
270;54817948;15.382934 ;1.200000;0.275000;0.000000;0.050000;0.050000;0.000000;0.200000;0.000000;0.000000;0.050000;0.400000;0.050000;0.275000;0.050000;0.050000;0.000000;0.000000;0.025000;
271;54803417;15.437738 ;1.200000;0.275000;0.000000;0.050000;0.050000;0.000000;0.200000;0.000000;0.000000;0.050000;0.400000;0.050000;0.275000;0.050000;0.050000;0.000000;0.000000;0.025000;
272;54815758;15.492554 ;1.200000;0.275000;0.000000;0.050000;0.050000;0.000000;0.200000;0.000000;0.000000;0.050000;0.400000;0.050000;0.275000;0.050000;0.050000;0.000000;0.000000;0.025000;
273;54818538;15.547372 ;1.200000;0.275000;0.000000;0.050000;0.050000;0.000000;0.200000;0.000000;0.000000;0.050000;0.400000;0.050000;0.275000;0.050000;0.050000;0.000000;0.000000;0.025000;
274;54805377;15.602178 ;1.200000;0.275000;0.000000;0.050000;0.050000;0.000000;0.200000;0.000000;0.000000;0.050000;0.400000;0.050000;0.275000;0.050000;0.050000;0.000000;0.000000;0.025000;
275;54803277;15.656981 ;1.200000;0.275000;0.000000;0.050000;0.050000;0.000000;0.200000;0.000000;0.000000;0.050000;0.400000;0.050000;0.275000;0.050000;0.050000;0.000000;0.000000;0.025000;
276;54805527;15.711786 ;1.200000;0.275000;0.000000;0.050000;0.050000;0.000000;0.200000;0.000000;0.000000;0.050000;0.400000;0.050000;0.275000;0.050000;0.050000;0.000000;0.000000;0.025000;
277;54815468;15.766602 ;1.200000;0.275000;0.000000;0.050000;0.050000;0.000000;0.200000;0.000000;0.000000;0.050000;0.400000;0.050000;0.275000;0.050000;0.050000;0.000000;0.000000;0.025000;
278;54819929;15.821422 ;1.200000;0.275000;0.000000;0.050000;0.050000;0.000000;0.200000;0.000000;0.000000;0.050000;0.400000;0.050000;0.275000;0.050000;0.050000;0.000000;0.000000;0.025000;
279;54811547;15.876233 ;1.200000;0.275000;0.000000;0.050000;0.050000;0.000000;0.200000;0.000000;0.000000;0.050000;0.400000;0.050000;0.275000;0.050000;0.050000;0.000000;0.000000;0.025000;
280;54804357;15.931038 ;1.200000;0.275000;0.000000;0.050000;0.050000;0.000000;0.200000;0.000000;0.000000;0.050000;0.400000;0.050000;0.275000;0.050000;0.050000;0.000000;0.000000;0.050000;
281;54803087;15.985841 ;1.200000;0.275000;0.000000;0.050000;0.050000;0.000000;0.200000;0.000000;0.000000;0.050000;0.400000;0.050000;0.275000;0.050000;0.050000;0.000000;0.000000;0.025000;
282;54812778;16.040654 ;1.200000;0.275000;0.000000;0.050000;0.050000;0.000000;0.200000;0.000000;0.000000;0.050000;0.400000;0.050000;0.275000;0.050000;0.050000;0.000000;0.000000;0.025000;
283;54806027;16.095460 ;1.275000;0.275000;0.000000;0.050000;0.050000;0.000000;0.200000;0.000000;0.000000;0.050000;0.400000;0.050000;0.275000;0.050000;0.050000;0.000000;0.000000;0.025000;
284;54815298;16.150275 ;1.275000;0.275000;0.000000;0.050000;0.050000;0.000000;0.200000;0.000000;0.000000;0.050000;0.400000;0.050000;0.275000;0.050000;0.050000;0.000000;0.000000;0.025000;
285;54802647;16.205078 ;1.275000;0.275000;0.000000;0.050000;0.050000;0.000000;0.200000;0.000000;0.000000;0.050000;0.400000;0.050000;0.275000;0.050000;0.050000;0.000000;0.000000;0.025000;
286;54823399;16.259901 ;1.275000;0.275000;0.000000;0.050000;0.050000;0.000000;0.200000;0.000000;0.000000;0.050000;0.400000;0.050000;0.275000;0.050000;0.050000;0.000000;0.000000;0.025000;
287;54806477;16.314707 ;1.275000;0.275000;0.000000;0.050000;0.050000;0.000000;0.200000;0.000000;0.000000;0.050000;0.400000;0.050000;0.275000;0.050000;0.050000;0.000000;0.000000;0.025000;
288;54809867;16.369517 ;1.275000;0.275000;0.000000;0.050000;0.050000;0.000000;0.200000;0.000000;0.000000;0.050000;0.400000;0.050000;0.275000;0.050000;0.050000;0.000000;0.000000;0.025000;
289;54813178;16.424330 ;1.275000;0.275000;0.000000;0.050000;0.050000;0.000000;0.200000;0.000000;0.000000;0.050000;0.400000;0.050000;0.275000;0.050000;0.050000;0.000000;0.000000;0.025000;
290;54802077;16.479132 ;1.275000;0.275000;0.000000;0.050000;0.050000;0.000000;0.200000;0.000000;0.000000;0.050000;0.400000;0.050000;0.275000;0.050000;0.050000;0.000000;0.000000;0.025000;
291;54875784;16.534008 ;1.275000;0.275000;0.000000;0.050000;0.050000;0.000000;0.200000;0.000000;0.000000;0.050000;0.400000;0.050000;0.275000;0.050000;0.050000;0.000000;0.000000;0.025000;
292;54813778;16.588822 ;1.275000;0.275000;0.000000;0.050000;0.050000;0.000000;0.200000;0.000000;0.000000;0.050000;0.400000;0.050000;0.275000;0.050000;0.050000;0.000000;0.000000;0.025000;
293;54803817;16.643626 ;1.275000;0.275000;0.000000;0.050000;0.050000;0.000000;0.200000;0.000000;0.000000;0.050000;0.400000;0.050000;0.275000;0.050000;0.050000;0.000000;0.000000;0.025000;
294;54810508;16.698436 ;1.275000;0.275000;0.000000;0.050000;0.050000;0.000000;0.200000;0.000000;0.000000;0.050000;0.400000;0.050000;0.275000;0.050000;0.050000;0.000000;0.000000;0.025000;
295;54815248;16.753252 ;1.275000;0.275000;0.000000;0.050000;0.050000;0.000000;0.200000;0.000000;0.000000;0.050000;0.400000;0.050000;0.275000;0.050000;0.050000;0.000000;0.000000;0.025000;
296;54803636;16.808055 ;1.275000;0.275000;0.000000;0.050000;0.050000;0.000000;0.200000;0.000000;0.000000;0.050000;0.400000;0.050000;0.275000;0.050000;0.050000;0.000000;0.000000;0.025000;
297;54810028;16.862865 ;1.275000;0.275000;0.000000;0.050000;0.050000;0.000000;0.200000;0.000000;0.000000;0.050000;0.400000;0.050000;0.275000;0.050000;0.050000;0.000000;0.000000;0.025000;
298;54811978;16.917677 ;1.275000;0.275000;0.000000;0.050000;0.050000;0.000000;0.200000;0.000000;0.000000;0.050000;0.400000;0.050000;0.275000;0.050000;0.050000;0.000000;0.000000;0.025000;
299;54806677;16.972484 ;1.275000;0.275000;0.000000;0.050000;0.050000;0.000000;0.200000;0.000000;0.000000;0.050000;0.400000;0.050000;0.275000;0.050000;0.050000;0.000000;0.000000;0.025000;
300;54813568;17.027298 ;1.275000;0.275000;0.000000;0.050000;0.050000;0.000000;0.200000;0.000000;0.000000;0.050000;0.400000;0.050000;0.275000;0.050000;0.050000;0.000000;0.000000;0.025000;
301;54807717;17.082105 ;1.275000;0.275000;0.000000;0.050000;0.050000;0.000000;0.200000;0.000000;0.000000;0.050000;0.400000;0.050000;0.275000;0.050000;0.050000;0.000000;0.000000;0.025000;
302;54803157;17.136908 ;1.275000;0.275000;0.000000;0.050000;0.050000;0.000000;0.200000;0.000000;0.000000;0.050000;0.400000;0.050000;0.275000;0.050000;0.050000;0.000000;0.000000;0.025000;
303;54816648;17.191725 ;1.275000;0.275000;0.000000;0.050000;0.050000;0.000000;0.200000;0.000000;0.000000;0.050000;0.400000;0.050000;0.275000;0.050000;0.050000;0.000000;0.000000;0.025000;
304;54976314;17.246701 ;1.275000;0.275000;0.000000;0.050000;0.050000;0.000000;0.200000;0.000000;0.000000;0.050000;0.400000;0.050000;0.275000;0.050000;0.050000;0.000000;0.000000;0.025000;
305;54805878;17.301507 ;1.275000;0.275000;0.000000;0.050000;0.050000;0.000000;0.200000;0.000000;0.000000;0.050000;0.400000;0.050000;0.275000;0.050000;0.050000;0.000000;0.000000;0.025000;
306;54813527;17.356321 ;1.225000;0.275000;0.000000;0.050000;0.050000;0.000000;0.200000;0.000000;0.000000;0.050000;0.400000;0.050000;0.275000;0.050000;0.050000;0.000000;0.000000;0.025000;
307;54803057;17.411124 ;1.200000;0.275000;0.000000;0.050000;0.050000;0.000000;0.200000;0.000000;0.000000;0.050000;0.400000;0.050000;0.275000;0.050000;0.050000;0.000000;0.000000;0.025000;
308;54801417;17.465925 ;1.200000;0.275000;0.000000;0.050000;0.050000;0.000000;0.200000;0.000000;0.000000;0.050000;0.400000;0.050000;0.275000;0.050000;0.050000;0.000000;0.000000;0.025000;
309;54804777;17.520730 ;1.200000;0.275000;0.000000;0.050000;0.050000;0.000000;0.200000;0.000000;0.000000;0.050000;0.400000;0.050000;0.275000;0.050000;0.050000;0.000000;0.000000;0.025000;
310;54809497;17.575540 ;1.200000;0.275000;0.000000;0.050000;0.050000;0.000000;0.200000;0.000000;0.000000;0.050000;0.400000;0.050000;0.275000;0.050000;0.050000;0.000000;0.000000;0.025000;
311;54810448;17.630350 ;1.200000;0.275000;0.000000;0.050000;0.050000;0.000000;0.200000;0.000000;0.000000;0.050000;0.400000;0.050000;0.275000;0.050000;0.050000;0.000000;0.000000;0.025000;
312;54840460;17.685190 ;1.200000;0.275000;0.000000;0.050000;0.050000;0.000000;0.200000;0.000000;0.000000;0.050000;0.400000;0.050000;0.275000;0.050000;0.050000;0.000000;0.000000;0.025000;
313;54806788;17.739997 ;1.200000;0.275000;0.000000;0.050000;0.050000;0.000000;0.200000;0.000000;0.000000;0.050000;0.400000;0.050000;0.275000;0.050000;0.050000;0.000000;0.000000;0.025000;
314;54809877;17.794807 ;1.200000;0.275000;0.000000;0.050000;0.050000;0.000000;0.200000;0.000000;0.000000;0.050000;0.400000;0.050000;0.275000;0.050000;0.050000;0.000000;0.000000;0.025000;
315;54802877;17.849610 ;1.200000;0.275000;0.000000;0.050000;0.050000;0.000000;0.200000;0.000000;0.000000;0.050000;0.400000;0.050000;0.275000;0.050000;0.050000;0.000000;0.000000;0.025000;
316;54805787;17.904416 ;1.200000;0.275000;0.000000;0.050000;0.050000;0.000000;0.200000;0.000000;0.000000;0.050000;0.400000;0.050000;0.275000;0.050000;0.050000;0.000000;0.000000;0.025000;
317;54803457;17.959219 ;1.200000;0.275000;0.000000;0.050000;0.050000;0.000000;0.200000;0.000000;0.000000;0.050000;0.400000;0.050000;0.275000;0.050000;0.050000;0.000000;0.000000;0.025000;
318;54802647;18.014022 ;1.200000;0.275000;0.000000;0.050000;0.050000;0.000000;0.200000;0.000000;0.000000;0.050000;0.400000;0.050000;0.275000;0.050000;0.050000;0.000000;0.000000;0.050000;
319;54812017;18.068834 ;1.200000;0.275000;0.000000;0.050000;0.050000;0.000000;0.200000;0.000000;0.000000;0.050000;0.400000;0.050000;0.275000;0.050000;0.050000;0.000000;0.000000;0.025000;
320;54803047;18.123637 ;1.200000;0.275000;0.000000;0.050000;0.050000;0.000000;0.200000;0.000000;0.000000;0.050000;0.400000;0.050000;0.275000;0.050000;0.050000;0.000000;0.000000;0.025000;
321;54807987;18.178445 ;1.200000;0.275000;0.000000;0.050000;0.050000;0.000000;0.200000;0.000000;0.000000;0.050000;0.400000;0.050000;0.275000;0.050000;0.050000;0.000000;0.000000;0.025000;
322;54806748;18.233252 ;1.200000;0.275000;0.000000;0.050000;0.050000;0.000000;0.200000;0.000000;0.000000;0.050000;0.400000;0.050000;0.275000;0.050000;0.050000;0.000000;0.000000;0.025000;
323;54812577;18.288064 ;1.200000;0.275000;0.000000;0.050000;0.050000;0.000000;0.200000;0.000000;0.000000;0.050000;0.400000;0.050000;0.275000;0.050000;0.050000;0.000000;0.000000;0.025000;
324;54811398;18.342876 ;1.200000;0.275000;0.000000;0.050000;0.050000;0.000000;0.200000;0.000000;0.000000;0.050000;0.400000;0.050000;0.275000;0.050000;0.050000;0.000000;0.000000;0.025000;
325;54811648;18.397687 ;1.200000;0.275000;0.000000;0.050000;0.050000;0.000000;0.200000;0.000000;0.000000;0.050000;0.400000;0.050000;0.275000;0.050000;0.050000;0.000000;0.000000;0.025000;
326;54806527;18.452494 ;1.200000;0.275000;0.000000;0.050000;0.050000;0.000000;0.200000;0.000000;0.000000;0.050000;0.400000;0.050000;0.275000;0.050000;0.050000;0.000000;0.000000;0.025000;
327;54805617;18.507299 ;1.200000;0.275000;0.000000;0.050000;0.050000;0.000000;0.200000;0.000000;0.000000;0.050000;0.400000;0.050000;0.275000;0.050000;0.050000;0.000000;0.000000;0.025000;
328;54809977;18.562109 ;1.200000;0.275000;0.000000;0.050000;0.050000;0.000000;0.200000;0.000000;0.000000;0.050000;0.400000;0.050000;0.275000;0.050000;0.050000;0.000000;0.000000;0.025000;
329;54801167;18.616911 ;1.200000;0.275000;0.000000;0.050000;0.050000;0.000000;0.200000;0.000000;0.000000;0.050000;0.400000;0.050000;0.275000;0.050000;0.050000;0.000000;0.000000;0.025000;
330;54814228;18.671725 ;1.200000;0.275000;0.000000;0.050000;0.050000;0.000000;0.200000;0.000000;0.000000;0.050000;0.400000;0.050000;0.275000;0.050000;0.050000;0.000000;0.000000;0.025000;
331;54811908;18.726537 ;1.200000;0.275000;0.000000;0.050000;0.050000;0.000000;0.200000;0.000000;0.000000;0.050000;0.400000;0.050000;0.275000;0.050000;0.050000;0.000000;0.000000;0.025000;
332;54810777;18.781347 ;1.200000;0.275000;0.000000;0.050000;0.050000;0.000000;0.200000;0.000000;0.000000;0.050000;0.400000;0.050000;0.275000;0.050000;0.050000;0.000000;0.000000;0.025000;
333;54815098;18.836163 ;1.200000;0.275000;0.000000;0.050000;0.050000;0.000000;0.200000;0.000000;0.000000;0.050000;0.400000;0.050000;0.275000;0.050000;0.050000;0.000000;0.000000;0.050000;
334;54851892;18.891014 ;1.200000;0.275000;0.000000;0.050000;0.050000;0.000000;0.200000;0.000000;0.000000;0.050000;0.400000;0.050000;0.275000;0.050000;0.050000;0.000000;0.000000;0.025000;
335;54808457;18.945823 ;1.200000;0.275000;0.000000;0.050000;0.050000;0.000000;0.200000;0.000000;0.000000;0.050000;0.400000;0.050000;0.275000;0.050000;0.050000;0.000000;0.000000;0.025000;
336;54812528;19.000635 ;1.200000;0.275000;0.000000;0.050000;0.050000;0.000000;0.200000;0.000000;0.000000;0.050000;0.400000;0.050000;0.275000;0.050000;0.050000;0.000000;0.000000;0.025000;
337;54806057;19.055442 ;1.200000;0.275000;0.000000;0.050000;0.050000;0.000000;0.200000;0.000000;0.000000;0.050000;0.400000;0.050000;0.275000;0.050000;0.050000;0.000000;0.000000;0.025000;
338;54820099;19.110262 ;1.200000;0.275000;0.000000;0.050000;0.050000;0.000000;0.200000;0.000000;0.000000;0.050000;0.400000;0.050000;0.275000;0.050000;0.050000;0.000000;0.000000;0.025000;
339;54815058;19.165077 ;1.200000;0.275000;0.000000;0.050000;0.050000;0.000000;0.200000;0.000000;0.000000;0.050000;0.400000;0.050000;0.275000;0.050000;0.050000;0.000000;0.000000;0.025000;
340;54813008;19.219890 ;1.200000;0.275000;0.000000;0.050000;0.050000;0.000000;0.200000;0.000000;0.000000;0.050000;0.400000;0.050000;0.275000;0.050000;0.050000;0.000000;0.000000;0.025000;
341;54803967;19.274694 ;1.200000;0.275000;0.000000;0.050000;0.050000;0.000000;0.200000;0.000000;0.000000;0.050000;0.400000;0.050000;0.275000;0.050000;0.050000;0.000000;0.000000;0.025000;
342;54808307;19.329502 ;1.200000;0.275000;0.000000;0.050000;0.050000;0.000000;0.200000;0.000000;0.000000;0.050000;0.400000;0.050000;0.275000;0.050000;0.050000;0.000000;0.000000;0.025000;
343;54804707;19.384307 ;1.200000;0.275000;0.000000;0.050000;0.050000;0.000000;0.200000;0.000000;0.000000;0.050000;0.400000;0.050000;0.275000;0.050000;0.050000;0.000000;0.000000;0.025000;
344;54800106;19.439107 ;1.200000;0.275000;0.000000;0.050000;0.050000;0.000000;0.200000;0.000000;0.000000;0.050000;0.400000;0.050000;0.275000;0.050000;0.050000;0.000000;0.000000;0.025000;
345;54804607;19.493911 ;1.200000;0.275000;0.000000;0.050000;0.050000;0.000000;0.200000;0.000000;0.000000;0.050000;0.400000;0.050000;0.275000;0.050000;0.050000;0.000000;0.000000;0.025000;
346;54807548;19.548719 ;1.200000;0.275000;0.000000;0.050000;0.050000;0.000000;0.200000;0.000000;0.000000;0.050000;0.400000;0.050000;0.275000;0.050000;0.050000;0.000000;0.000000;0.025000;
347;54806527;19.603525 ;1.200000;0.275000;0.000000;0.050000;0.050000;0.000000;0.200000;0.000000;0.000000;0.050000;0.400000;0.050000;0.275000;0.050000;0.050000;0.000000;0.000000;0.025000;
348;54805547;19.658331 ;1.200000;0.275000;0.000000;0.050000;0.050000;0.000000;0.200000;0.000000;0.000000;0.050000;0.400000;0.050000;0.275000;0.050000;0.050000;0.000000;0.000000;0.025000;
349;54812108;19.713143 ;1.200000;0.275000;0.000000;0.050000;0.050000;0.000000;0.200000;0.000000;0.000000;0.050000;0.400000;0.050000;0.275000;0.050000;0.050000;0.000000;0.000000;0.025000;
350;54813787;19.767957 ;1.200000;0.275000;0.000000;0.050000;0.050000;0.000000;0.200000;0.000000;0.000000;0.050000;0.400000;0.050000;0.275000;0.050000;0.050000;0.000000;0.000000;0.025000;
351;54804137;19.822761 ;1.200000;0.275000;0.000000;0.050000;0.050000;0.000000;0.200000;0.000000;0.000000;0.050000;0.400000;0.050000;0.275000;0.050000;0.050000;0.000000;0.000000;0.025000;
352;54807348;19.877568 ;1.200000;0.275000;0.000000;0.050000;0.050000;0.000000;0.200000;0.000000;0.000000;0.050000;0.400000;0.050000;0.275000;0.050000;0.050000;0.000000;0.000000;0.050000;
353;54811827;19.932380 ;1.200000;0.275000;0.000000;0.050000;0.050000;0.000000;0.200000;0.000000;0.000000;0.050000;0.400000;0.050000;0.275000;0.050000;0.050000;0.000000;0.000000;0.025000;
354;54815618;19.987196 ;1.200000;0.275000;0.000000;0.050000;0.050000;0.000000;0.200000;0.000000;0.000000;0.050000;0.400000;0.050000;0.275000;0.050000;0.050000;0.000000;0.000000;0.025000;
355;54812128;20.042008 ;1.200000;0.275000;0.000000;0.050000;0.050000;0.000000;0.200000;0.000000;0.000000;0.050000;0.400000;0.050000;0.275000;0.050000;0.050000;0.000000;0.000000;0.025000;
356;54853772;20.096862 ;1.200000;0.275000;0.000000;0.050000;0.050000;0.000000;0.200000;0.000000;0.000000;0.050000;0.400000;0.050000;0.275000;0.050000;0.050000;0.000000;0.000000;0.025000;
357;54824339;20.151686 ;1.200000;0.275000;0.000000;0.050000;0.050000;0.000000;0.200000;0.000000;0.000000;0.050000;0.400000;0.050000;0.275000;0.050000;0.050000;0.000000;0.000000;0.025000;
358;54803787;20.206490 ;1.200000;0.275000;0.000000;0.050000;0.050000;0.000000;0.200000;0.000000;0.000000;0.050000;0.400000;0.050000;0.275000;0.050000;0.050000;0.000000;0.000000;0.025000;
359;54802217;20.261292 ;1.200000;0.275000;0.000000;0.050000;0.050000;0.000000;0.200000;0.000000;0.000000;0.050000;0.400000;0.050000;0.275000;0.050000;0.050000;0.000000;0.000000;0.025000;
360;54825229;20.316117 ;1.200000;0.275000;0.000000;0.050000;0.050000;0.000000;0.200000;0.000000;0.000000;0.050000;0.400000;0.050000;0.275000;0.050000;0.050000;0.000000;0.000000;0.025000;
361;54816638;20.370934 ;1.200000;0.275000;0.000000;0.050000;0.050000;0.000000;0.200000;0.000000;0.000000;0.050000;0.400000;0.050000;0.275000;0.050000;0.050000;0.000000;0.000000;0.025000;
362;54801277;20.425735 ;1.200000;0.275000;0.000000;0.050000;0.050000;0.000000;0.200000;0.000000;0.000000;0.050000;0.400000;0.050000;0.275000;0.050000;0.050000;0.000000;0.000000;0.025000;
363;54812967;20.480548 ;1.200000;0.275000;0.000000;0.050000;0.050000;0.000000;0.200000;0.000000;0.000000;0.050000;0.400000;0.050000;0.275000;0.050000;0.050000;0.000000;0.000000;0.025000;
364;54810878;20.535359 ;1.200000;0.275000;0.000000;0.050000;0.050000;0.000000;0.200000;0.000000;0.000000;0.050000;0.400000;0.050000;0.275000;0.050000;0.050000;0.000000;0.000000;0.025000;
365;54813998;20.590173 ;1.200000;0.275000;0.000000;0.050000;0.050000;0.000000;0.200000;0.000000;0.000000;0.050000;0.400000;0.050000;0.275000;0.050000;0.050000;0.000000;0.000000;0.025000;
366;54807597;20.644981 ;1.200000;0.275000;0.000000;0.050000;0.050000;0.000000;0.200000;0.000000;0.000000;0.050000;0.400000;0.050000;0.275000;0.050000;0.050000;0.000000;0.000000;0.025000;
367;54807157;20.699788 ;1.200000;0.275000;0.000000;0.050000;0.050000;0.000000;0.200000;0.000000;0.000000;0.050000;0.400000;0.050000;0.275000;0.050000;0.050000;0.000000;0.000000;0.025000;
368;54810518;20.754598 ;1.200000;0.275000;0.025000;0.050000;0.050000;0.000000;0.200000;0.000000;0.000000;0.050000;0.400000;0.050000;0.275000;0.050000;0.050000;0.000000;0.000000;0.025000;
369;54646101;20.809244 ;1.200000;0.275000;0.000000;0.050000;0.050000;0.000000;0.200000;0.000000;0.000000;0.050000;0.400000;0.050000;0.275000;0.050000;0.050000;0.000000;0.000000;0.025000;
370;54816638;20.864061 ;1.200000;0.275000;0.000000;0.050000;0.050000;0.000000;0.200000;0.000000;0.000000;0.050000;0.400000;0.050000;0.275000;0.050000;0.050000;0.000000;0.000000;0.025000;
371;54810577;20.918872 ;1.200000;0.275000;0.000000;0.050000;0.050000;0.000000;0.200000;0.000000;0.000000;0.050000;0.400000;0.050000;0.275000;0.050000;0.050000;0.000000;0.000000;0.025000;
372;54812388;20.973684 ;1.200000;0.275000;0.000000;0.050000;0.050000;0.000000;0.200000;0.000000;0.000000;0.050000;0.400000;0.050000;0.275000;0.050000;0.050000;0.000000;0.000000;0.025000;
373;54805947;21.028490 ;1.200000;0.275000;0.000000;0.050000;0.050000;0.000000;0.200000;0.000000;0.000000;0.050000;0.400000;0.050000;0.275000;0.050000;0.050000;0.000000;0.000000;0.025000;
374;54808328;21.083298 ;1.200000;0.275000;0.000000;0.050000;0.050000;0.000000;0.200000;0.000000;0.000000;0.050000;0.400000;0.050000;0.275000;0.050000;0.050000;0.000000;0.000000;0.025000;
375;54806637;21.138105 ;1.200000;0.275000;0.000000;0.050000;0.050000;0.000000;0.200000;0.000000;0.000000;0.050000;0.400000;0.050000;0.275000;0.050000;0.050000;0.000000;0.000000;0.025000;
376;54817798;21.192923 ;1.200000;0.275000;0.000000;0.050000;0.050000;0.000000;0.200000;0.000000;0.000000;0.050000;0.400000;0.050000;0.275000;0.050000;0.050000;0.000000;0.000000;0.025000;
377;55027330;21.247950 ;1.200000;0.275000;0.000000;0.050000;0.050000;0.000000;0.200000;0.000000;0.000000;0.050000;0.400000;0.050000;0.275000;0.050000;0.050000;0.000000;0.000000;0.025000;
378;54855312;21.302805 ;1.200000;0.275000;0.000000;0.050000;0.050000;0.000000;0.200000;0.000000;0.000000;0.050000;0.400000;0.050000;0.275000;0.050000;0.050000;0.000000;0.000000;0.025000;
379;54804587;21.357610 ;1.200000;0.275000;0.000000;0.050000;0.050000;0.000000;0.200000;0.000000;0.000000;0.050000;0.400000;0.050000;0.275000;0.050000;0.050000;0.000000;0.000000;0.025000;
380;54813278;21.412423 ;1.200000;0.275000;0.000000;0.050000;0.050000;0.000000;0.200000;0.000000;0.000000;0.050000;0.400000;0.050000;0.275000;0.050000;0.050000;0.000000;0.000000;0.025000;
381;54807137;21.467230 ;1.200000;0.275000;0.000000;0.050000;0.050000;0.000000;0.200000;0.000000;0.000000;0.050000;0.400000;0.050000;0.275000;0.050000;0.050000;0.000000;0.000000;0.025000;
382;54808177;21.522039 ;1.200000;0.275000;0.000000;0.050000;0.050000;0.000000;0.200000;0.000000;0.000000;0.050000;0.400000;0.050000;0.275000;0.050000;0.050000;0.000000;0.000000;0.025000;
383;54808898;21.576847 ;1.200000;0.275000;0.000000;0.050000;0.050000;0.000000;0.200000;0.000000;0.000000;0.050000;0.400000;0.050000;0.275000;0.050000;0.050000;0.000000;0.000000;0.025000;
384;54804947;21.631652 ;1.200000;0.275000;0.000000;0.050000;0.050000;0.000000;0.200000;0.000000;0.000000;0.050000;0.400000;0.050000;0.275000;0.050000;0.050000;0.000000;0.000000;0.025000;
385;54806287;21.686459 ;1.200000;0.275000;0.000000;0.050000;0.050000;0.000000;0.200000;0.000000;0.000000;0.050000;0.400000;0.050000;0.275000;0.050000;0.050000;0.000000;0.000000;0.025000;
386;54804097;21.741263 ;1.200000;0.275000;0.000000;0.050000;0.050000;0.000000;0.200000;0.000000;0.000000;0.050000;0.400000;0.050000;0.275000;0.050000;0.050000;0.000000;0.000000;0.025000;
387;54806547;21.796069 ;1.200000;0.275000;0.000000;0.050000;0.050000;0.000000;0.200000;0.000000;0.000000;0.050000;0.400000;0.050000;0.275000;0.050000;0.050000;0.000000;0.000000;0.025000;
388;54807767;21.850877 ;1.200000;0.275000;0.000000;0.050000;0.050000;0.000000;0.200000;0.000000;0.000000;0.050000;0.400000;0.050000;0.275000;0.050000;0.050000;0.000000;0.000000;0.025000;
389;54814648;21.905692 ;1.200000;0.275000;0.000000;0.050000;0.050000;0.000000;0.200000;0.000000;0.000000;0.050000;0.400000;0.050000;0.275000;0.050000;0.050000;0.000000;0.000000;0.025000;
390;54807517;21.960499 ;1.200000;0.275000;0.000000;0.050000;0.050000;0.000000;0.200000;0.000000;0.000000;0.050000;0.400000;0.050000;0.275000;0.050000;0.050000;0.000000;0.000000;0.025000;
391;54804767;22.015304 ;1.200000;0.275000;0.000000;0.050000;0.050000;0.000000;0.200000;0.000000;0.000000;0.050000;0.400000;0.050000;0.275000;0.050000;0.050000;0.000000;0.000000;0.025000;
392;54807697;22.070112 ;1.200000;0.275000;0.000000;0.050000;0.050000;0.000000;0.200000;0.000000;0.000000;0.050000;0.400000;0.050000;0.275000;0.050000;0.050000;0.000000;0.000000;0.025000;
393;54808018;22.124920 ;1.200000;0.275000;0.000000;0.050000;0.050000;0.000000;0.200000;0.000000;0.000000;0.050000;0.400000;0.050000;0.275000;0.050000;0.050000;0.000000;0.000000;0.025000;
394;54924739;22.179844 ;1.325000;0.275000;0.000000;0.050000;0.050000;0.000000;0.225000;0.000000;0.000000;0.050000;0.400000;0.050000;0.275000;0.050000;0.050000;0.000000;0.000000;0.025000;
395;54995866;22.234840 ;1.200000;0.275000;0.000000;0.050000;0.050000;0.000000;0.200000;0.000000;0.000000;0.050000;0.400000;0.050000;0.275000;0.050000;0.050000;0.000000;0.000000;0.025000;
396;54826249;22.289667 ;1.200000;0.275000;0.000000;0.050000;0.050000;0.000000;0.200000;0.000000;0.000000;0.050000;0.400000;0.050000;0.275000;0.050000;0.050000;0.000000;0.000000;0.025000;
397;54811678;22.344478 ;1.200000;0.275000;0.000000;0.050000;0.050000;0.000000;0.200000;0.000000;0.000000;0.050000;0.400000;0.050000;0.275000;0.050000;0.050000;0.000000;0.000000;0.025000;
398;54813968;22.399292 ;1.200000;0.275000;0.000000;0.050000;0.050000;0.000000;0.200000;0.000000;0.000000;0.050000;0.400000;0.050000;0.275000;0.050000;0.050000;0.000000;0.000000;0.025000;
399;54810108;22.454102 ;1.200000;0.275000;0.000000;0.050000;0.050000;0.000000;0.200000;0.000000;0.000000;0.050000;0.400000;0.050000;0.275000;0.050000;0.050000;0.000000;0.000000;0.025000;
400;54886575;22.508989 ;1.200000;0.275000;0.000000;0.050000;0.050000;0.000000;0.200000;0.000000;0.000000;0.050000;0.400000;0.050000;0.275000;0.050000;0.050000;0.000000;0.000000;0.025000;
401;54813588;22.563803 ;1.200000;0.275000;0.000000;0.050000;0.050000;0.000000;0.200000;0.000000;0.000000;0.050000;0.400000;0.050000;0.275000;0.050000;0.050000;0.000000;0.000000;0.025000;
402;54889855;22.618692 ;1.100000;0.275000;0.000000;0.050000;0.050000;0.000000;0.200000;0.000000;0.000000;0.050000;0.400000;0.050000;0.275000;0.050000;0.050000;0.000000;0.000000;0.025000;
403;54848692;22.673541 ;1.100000;0.275000;0.000000;0.050000;0.050000;0.000000;0.200000;0.000000;0.000000;0.050000;0.400000;0.050000;0.275000;0.050000;0.050000;0.000000;0.000000;0.025000;
404;54857592;22.728399 ;1.100000;0.275000;0.025000;0.050000;0.050000;0.000000;0.200000;0.000000;0.000000;0.050000;0.400000;0.050000;0.275000;0.050000;0.050000;0.000000;0.000000;0.025000;
405;54682735;22.783081 ;1.100000;0.275000;0.000000;0.050000;0.050000;0.000000;0.200000;0.000000;0.000000;0.050000;0.400000;0.050000;0.275000;0.050000;0.050000;0.000000;0.000000;0.050000;
406;54853392;22.837935 ;1.100000;0.275000;0.000000;0.050000;0.050000;0.000000;0.200000;0.000000;0.000000;0.050000;0.400000;0.050000;0.275000;0.050000;0.050000;0.000000;0.000000;0.025000;
407;54840900;22.892776 ;1.100000;0.275000;0.000000;0.050000;0.050000;0.000000;0.200000;0.000000;0.000000;0.050000;0.400000;0.050000;0.275000;0.050000;0.050000;0.000000;0.000000;0.025000;
408;54861053;22.947637 ;1.100000;0.275000;0.000000;0.050000;0.050000;0.000000;0.200000;0.000000;0.000000;0.050000;0.400000;0.050000;0.275000;0.050000;0.050000;0.000000;0.000000;0.025000;
409;54843801;23.002481 ;1.100000;0.275000;0.000000;0.050000;0.050000;0.000000;0.200000;0.000000;0.000000;0.050000;0.400000;0.050000;0.275000;0.050000;0.050000;0.000000;0.000000;0.025000;
410;54851832;23.057332 ;1.100000;0.275000;0.000000;0.050000;0.050000;0.000000;0.200000;0.000000;0.000000;0.050000;0.400000;0.050000;0.275000;0.050000;0.050000;0.000000;0.000000;0.025000;
411;54867403;23.112200 ;1.100000;0.275000;0.000000;0.050000;0.050000;0.000000;0.200000;0.000000;0.000000;0.050000;0.400000;0.050000;0.275000;0.050000;0.050000;0.000000;0.000000;0.025000;
412;54844701;23.167044 ;1.100000;0.275000;0.000000;0.050000;0.050000;0.000000;0.200000;0.000000;0.000000;0.050000;0.400000;0.050000;0.275000;0.050000;0.050000;0.000000;0.000000;0.050000;
413;54868823;23.221913 ;1.100000;0.275000;0.000000;0.050000;0.050000;0.000000;0.200000;0.000000;0.000000;0.050000;0.400000;0.050000;0.275000;0.050000;0.050000;0.000000;0.000000;0.025000;
414;54852482;23.276766 ;1.100000;0.275000;0.000000;0.050000;0.050000;0.000000;0.200000;0.000000;0.000000;0.050000;0.400000;0.050000;0.275000;0.050000;0.050000;0.000000;0.000000;0.025000;
415;54871104;23.331637 ;1.100000;0.275000;0.000000;0.050000;0.050000;0.000000;0.200000;0.000000;0.000000;0.050000;0.400000;0.050000;0.275000;0.050000;0.050000;0.000000;0.000000;0.025000;
416;54849281;23.386486 ;1.100000;0.275000;0.000000;0.050000;0.050000;0.000000;0.200000;0.000000;0.000000;0.050000;0.400000;0.050000;0.275000;0.050000;0.050000;0.000000;0.000000;0.025000;
417;54850262;23.441336 ;1.100000;0.275000;0.000000;0.050000;0.050000;0.000000;0.200000;0.000000;0.000000;0.050000;0.400000;0.050000;0.275000;0.050000;0.050000;0.000000;0.000000;0.025000;
418;54867993;23.496204 ;1.100000;0.275000;0.000000;0.050000;0.050000;0.000000;0.200000;0.000000;0.000000;0.050000;0.400000;0.050000;0.275000;0.050000;0.050000;0.000000;0.000000;0.025000;
419;54844121;23.551049 ;1.100000;0.275000;0.000000;0.050000;0.050000;0.000000;0.200000;0.000000;0.000000;0.050000;0.400000;0.050000;0.275000;0.050000;0.050000;0.000000;0.000000;0.025000;
420;54860883;23.605909 ;1.100000;0.275000;0.000000;0.050000;0.050000;0.000000;0.200000;0.000000;0.000000;0.050000;0.400000;0.050000;0.275000;0.050000;0.050000;0.000000;0.000000;0.025000;
421;54857862;23.660767 ;1.100000;0.275000;0.000000;0.050000;0.050000;0.000000;0.200000;0.000000;0.000000;0.050000;0.400000;0.050000;0.275000;0.050000;0.050000;0.000000;0.000000;0.025000;
422;54916009;23.715683 ;1.100000;0.275000;0.000000;0.050000;0.050000;0.000000;0.200000;0.000000;0.000000;0.050000;0.400000;0.050000;0.275000;0.050000;0.050000;0.000000;0.000000;0.025000;
423;54845591;23.770529 ;1.100000;0.275000;0.000000;0.050000;0.050000;0.000000;0.200000;0.000000;0.000000;0.050000;0.400000;0.050000;0.275000;0.050000;0.050000;0.000000;0.000000;0.025000;
424;54855922;23.825385 ;1.100000;0.275000;0.000000;0.050000;0.050000;0.000000;0.200000;0.000000;0.000000;0.050000;0.400000;0.050000;0.275000;0.050000;0.050000;0.000000;0.000000;0.025000;
425;54839791;23.880225 ;1.100000;0.275000;0.000000;0.050000;0.050000;0.000000;0.200000;0.000000;0.000000;0.050000;0.400000;0.050000;0.275000;0.050000;0.050000;0.000000;0.000000;0.025000;
426;54845241;23.935070 ;1.100000;0.275000;0.000000;0.050000;0.050000;0.000000;0.200000;0.000000;0.000000;0.050000;0.400000;0.050000;0.275000;0.050000;0.050000;0.000000;0.000000;0.025000;
427;54863152;23.989933 ;1.100000;0.275000;0.000000;0.050000;0.050000;0.000000;0.200000;0.000000;0.000000;0.050000;0.400000;0.050000;0.275000;0.050000;0.050000;0.000000;0.000000;0.025000;
428;54844361;24.044777 ;1.100000;0.275000;0.000000;0.050000;0.050000;0.000000;0.200000;0.000000;0.000000;0.050000;0.400000;0.050000;0.275000;0.050000;0.050000;0.000000;0.000000;0.025000;
429;54845792;24.099623 ;1.100000;0.275000;0.000000;0.050000;0.050000;0.000000;0.200000;0.000000;0.000000;0.050000;0.400000;0.050000;0.275000;0.050000;0.050000;0.000000;0.000000;0.025000;
430;54849771;24.154473 ;1.100000;0.275000;0.000000;0.050000;0.050000;0.000000;0.200000;0.000000;0.000000;0.050000;0.400000;0.050000;0.275000;0.050000;0.050000;0.000000;0.000000;0.025000;
431;54843841;24.209317 ;1.100000;0.275000;0.000000;0.050000;0.050000;0.000000;0.200000;0.000000;0.000000;0.050000;0.400000;0.050000;0.275000;0.050000;0.050000;0.000000;0.000000;0.025000;
432;54875174;24.264192 ;1.100000;0.275000;0.000000;0.050000;0.050000;0.000000;0.200000;0.000000;0.000000;0.050000;0.400000;0.050000;0.275000;0.050000;0.050000;0.000000;0.000000;0.025000;
433;54883055;24.319075 ;1.100000;0.275000;0.000000;0.050000;0.050000;0.000000;0.200000;0.000000;0.000000;0.050000;0.400000;0.050000;0.275000;0.050000;0.050000;0.000000;0.000000;0.025000;
434;54850922;24.373926 ;1.100000;0.275000;0.000000;0.050000;0.050000;0.000000;0.200000;0.000000;0.000000;0.050000;0.400000;0.050000;0.275000;0.050000;0.050000;0.000000;0.000000;0.025000;
435;54842341;24.428768 ;1.100000;0.275000;0.000000;0.050000;0.050000;0.000000;0.200000;0.000000;0.000000;0.050000;0.400000;0.050000;0.275000;0.050000;0.050000;0.000000;0.000000;0.025000;
436;54856402;24.483625 ;1.100000;0.275000;0.000000;0.050000;0.050000;0.000000;0.200000;0.000000;0.000000;0.050000;0.400000;0.050000;0.275000;0.050000;0.050000;0.000000;0.000000;0.025000;
437;54839040;24.538464 ;1.100000;0.275000;0.000000;0.050000;0.050000;0.000000;0.200000;0.000000;0.000000;0.050000;0.400000;0.050000;0.275000;0.050000;0.050000;0.000000;0.000000;0.025000;
438;54847192;24.593311 ;1.100000;0.275000;0.000000;0.050000;0.050000;0.000000;0.200000;0.000000;0.000000;0.050000;0.400000;0.050000;0.275000;0.050000;0.050000;0.000000;0.000000;0.025000;
439;54865783;24.648177 ;1.100000;0.275000;0.000000;0.050000;0.050000;0.000000;0.200000;0.000000;0.000000;0.050000;0.400000;0.050000;0.275000;0.050000;0.050000;0.000000;0.000000;0.025000;
440;54853532;24.703030 ;1.100000;0.275000;0.000000;0.050000;0.050000;0.000000;0.200000;0.000000;0.000000;0.050000;0.400000;0.050000;0.275000;0.050000;0.050000;0.000000;0.000000;0.025000;
441;54841910;24.757872 ;1.100000;0.275000;0.000000;0.050000;0.050000;0.000000;0.200000;0.000000;0.000000;0.050000;0.400000;0.050000;0.275000;0.050000;0.050000;0.000000;0.000000;0.025000;
442;54848442;24.812721 ;1.100000;0.275000;0.000000;0.050000;0.050000;0.000000;0.200000;0.000000;0.000000;0.050000;0.400000;0.050000;0.275000;0.050000;0.050000;0.000000;0.000000;0.025000;
443;54850141;24.867571 ;1.100000;0.275000;0.000000;0.050000;0.050000;0.000000;0.200000;0.000000;0.000000;0.050000;0.400000;0.050000;0.275000;0.050000;0.050000;0.000000;0.000000;0.025000;
444;286180550;25.153751 ;1.100000;0.275000;0.000000;0.050000;0.050000;0.000000;0.200000;0.000000;0.000000;0.050000;0.400000;0.050000;0.275000;0.050000;0.050000;0.000000;0.000000;0.025000;
445;54870904;25.208622 ;1.100000;0.275000;0.000000;0.050000;0.050000;0.000000;0.200000;0.000000;0.000000;0.050000;0.400000;0.050000;0.275000;0.050000;0.050000;0.000000;0.000000;0.025000;
446;54845041;25.263467 ;1.100000;0.275000;0.000000;0.050000;0.050000;0.000000;0.200000;0.000000;0.000000;0.050000;0.400000;0.050000;0.275000;0.050000;0.050000;0.000000;0.000000;0.025000;
447;54847491;25.318315 ;1.100000;0.275000;0.000000;0.050000;0.050000;0.000000;0.200000;0.000000;0.000000;0.050000;0.400000;0.050000;0.275000;0.050000;0.050000;0.000000;0.000000;0.050000;
448;54848241;25.373163 ;1.100000;0.275000;0.000000;0.050000;0.050000;0.000000;0.200000;0.000000;0.000000;0.050000;0.400000;0.050000;0.275000;0.050000;0.050000;0.000000;0.000000;0.025000;
449;57079388;25.430242 ;1.100000;0.275000;0.000000;0.050000;0.050000;0.000000;0.200000;0.000000;0.000000;0.050000;0.400000;0.050000;0.275000;0.050000;0.050000;0.000000;0.000000;0.025000;
450;54851002;25.485093 ;1.100000;0.275000;0.000000;0.050000;0.050000;0.000000;0.200000;0.000000;0.000000;0.050000;0.400000;0.050000;0.275000;0.050000;0.050000;0.000000;0.000000;0.025000;
451;54847231;25.539941 ;1.100000;0.275000;0.000000;0.050000;0.050000;0.000000;0.200000;0.000000;0.000000;0.050000;0.400000;0.050000;0.275000;0.050000;0.050000;0.000000;0.000000;0.025000;
452;54849482;25.594790 ;1.100000;0.275000;0.000000;0.050000;0.050000;0.000000;0.200000;0.000000;0.000000;0.050000;0.400000;0.050000;0.275000;0.050000;0.050000;0.000000;0.000000;0.025000;
453;54851242;25.649641 ;1.100000;0.275000;0.000000;0.050000;0.050000;0.000000;0.200000;0.000000;0.000000;0.050000;0.400000;0.050000;0.275000;0.050000;0.050000;0.000000;0.000000;0.025000;
454;54840800;25.704482 ;1.100000;0.275000;0.000000;0.050000;0.050000;0.000000;0.200000;0.000000;0.000000;0.050000;0.400000;0.050000;0.275000;0.050000;0.050000;0.000000;0.000000;0.025000;
455;54851732;25.759334 ;1.100000;0.275000;0.000000;0.050000;0.050000;0.000000;0.200000;0.000000;0.000000;0.050000;0.400000;0.050000;0.275000;0.050000;0.050000;0.000000;0.000000;0.025000;
456;54861663;25.814195 ;1.100000;0.275000;0.000000;0.050000;0.050000;0.000000;0.200000;0.000000;0.000000;0.050000;0.400000;0.050000;0.275000;0.050000;0.050000;0.000000;0.000000;0.025000;
457;54855412;25.869051 ;1.100000;0.275000;0.000000;0.050000;0.050000;0.000000;0.200000;0.000000;0.000000;0.050000;0.400000;0.050000;0.275000;0.050000;0.050000;0.000000;0.000000;0.025000;
458;54858422;25.923909 ;1.100000;0.275000;0.000000;0.050000;0.050000;0.000000;0.200000;0.000000;0.000000;0.050000;0.400000;0.050000;0.275000;0.050000;0.050000;0.000000;0.000000;0.050000;
459;54854622;25.978764 ;1.100000;0.275000;0.000000;0.050000;0.050000;0.000000;0.200000;0.000000;0.000000;0.050000;0.400000;0.050000;0.275000;0.050000;0.050000;0.000000;0.000000;0.025000;
460;54861223;26.033625 ;1.100000;0.275000;0.000000;0.050000;0.050000;0.000000;0.200000;0.000000;0.000000;0.050000;0.400000;0.050000;0.275000;0.050000;0.050000;0.000000;0.000000;0.025000;
461;54844171;26.088469 ;1.100000;0.275000;0.000000;0.050000;0.050000;0.000000;0.200000;0.000000;0.000000;0.050000;0.400000;0.050000;0.275000;0.050000;0.050000;0.000000;0.000000;0.025000;
462;54852262;26.143322 ;1.100000;0.275000;0.000000;0.050000;0.050000;0.000000;0.200000;0.000000;0.000000;0.050000;0.400000;0.050000;0.275000;0.050000;0.050000;0.000000;0.000000;0.050000;
463;54841250;26.198163 ;1.100000;0.275000;0.000000;0.050000;0.050000;0.000000;0.200000;0.000000;0.000000;0.050000;0.400000;0.050000;0.275000;0.050000;0.050000;0.000000;0.000000;0.025000;
464;54842121;26.253005 ;1.100000;0.275000;0.000000;0.050000;0.050000;0.000000;0.200000;0.000000;0.000000;0.050000;0.400000;0.050000;0.275000;0.050000;0.050000;0.000000;0.000000;0.025000;
465;54843271;26.307848 ;1.100000;0.275000;0.000000;0.050000;0.050000;0.000000;0.200000;0.000000;0.000000;0.050000;0.400000;0.050000;0.275000;0.050000;0.050000;0.000000;0.000000;0.025000;
466;54883795;26.362732 ;1.100000;0.275000;0.000000;0.050000;0.050000;0.000000;0.200000;0.000000;0.000000;0.050000;0.400000;0.050000;0.275000;0.050000;0.050000;0.000000;0.000000;0.050000;
467;54848621;26.417581 ;1.100000;0.275000;0.000000;0.050000;0.050000;0.000000;0.200000;0.000000;0.000000;0.050000;0.400000;0.050000;0.275000;0.050000;0.050000;0.000000;0.000000;0.025000;
468;54846632;26.472427 ;1.100000;0.275000;0.000000;0.050000;0.050000;0.000000;0.200000;0.000000;0.000000;0.050000;0.400000;0.050000;0.275000;0.050000;0.050000;0.000000;0.000000;0.025000;
469;54849631;26.527277 ;1.100000;0.275000;0.000000;0.050000;0.050000;0.000000;0.200000;0.000000;0.000000;0.050000;0.400000;0.050000;0.275000;0.050000;0.050000;0.000000;0.000000;0.050000;
470;54840341;26.582117 ;1.100000;0.275000;0.000000;0.050000;0.050000;0.000000;0.200000;0.000000;0.000000;0.050000;0.400000;0.050000;0.275000;0.050000;0.050000;0.000000;0.000000;0.025000;
471;54847281;26.636965 ;1.100000;0.275000;0.000000;0.050000;0.050000;0.000000;0.200000;0.000000;0.000000;0.050000;0.400000;0.050000;0.275000;0.050000;0.050000;0.000000;0.000000;0.025000;
472;54844771;26.691809 ;1.100000;0.275000;0.000000;0.050000;0.050000;0.000000;0.200000;0.000000;0.000000;0.050000;0.400000;0.050000;0.275000;0.050000;0.050000;0.000000;0.000000;0.025000;
473;54863273;26.746673 ;1.100000;0.275000;0.000000;0.050000;0.050000;0.000000;0.200000;0.000000;0.000000;0.050000;0.400000;0.050000;0.275000;0.050000;0.050000;0.000000;0.000000;0.025000;
474;54843001;26.801516 ;1.100000;0.275000;0.000000;0.050000;0.050000;0.000000;0.200000;0.000000;0.000000;0.050000;0.400000;0.050000;0.275000;0.050000;0.050000;0.000000;0.000000;0.025000;
475;54835830;26.856351 ;1.100000;0.275000;0.000000;0.050000;0.050000;0.000000;0.200000;0.000000;0.000000;0.050000;0.400000;0.050000;0.275000;0.050000;0.050000;0.000000;0.000000;0.025000;
476;54855702;26.911207 ;1.100000;0.275000;0.000000;0.050000;0.050000;0.000000;0.200000;0.000000;0.000000;0.050000;0.400000;0.050000;0.275000;0.050000;0.050000;0.000000;0.000000;0.025000;
477;54841111;26.966048 ;1.100000;0.275000;0.000000;0.050000;0.050000;0.000000;0.200000;0.000000;0.000000;0.050000;0.400000;0.050000;0.275000;0.050000;0.050000;0.000000;0.000000;0.025000;
478;54844971;27.020893 ;1.100000;0.275000;0.000000;0.050000;0.050000;0.000000;0.200000;0.000000;0.000000;0.050000;0.400000;0.050000;0.275000;0.050000;0.050000;0.000000;0.000000;0.025000;
479;54840970;27.075734 ;1.100000;0.275000;0.000000;0.050000;0.050000;0.000000;0.200000;0.000000;0.000000;0.050000;0.400000;0.050000;0.275000;0.050000;0.050000;0.000000;0.000000;0.025000;
480;54849852;27.130584 ;1.100000;0.275000;0.000000;0.050000;0.050000;0.000000;0.200000;0.000000;0.000000;0.050000;0.400000;0.050000;0.275000;0.050000;0.050000;0.000000;0.000000;0.025000;
481;54859302;27.185443 ;1.100000;0.275000;0.000000;0.050000;0.050000;0.000000;0.200000;0.000000;0.000000;0.050000;0.400000;0.050000;0.275000;0.050000;0.050000;0.000000;0.000000;0.025000;
482;54858573;27.240302 ;1.100000;0.275000;0.000000;0.050000;0.050000;0.000000;0.200000;0.000000;0.000000;0.050000;0.400000;0.050000;0.275000;0.050000;0.050000;0.000000;0.000000;0.025000;
483;54844911;27.295147 ;1.100000;0.275000;0.000000;0.050000;0.050000;0.000000;0.200000;0.000000;0.000000;0.050000;0.400000;0.050000;0.275000;0.050000;0.050000;0.000000;0.000000;0.025000;
486;40043248;27.349989 ;1.075000;0.275000;0.000000;0.050000;0.050000;0.000000;0.200000;0.000000;0.000000;0.050000;0.400000;0.050000;0.275000;0.050000;0.050000;0.000000;0.000000;0.025000;
487;54860212;27.404849 ;1.025000;0.275000;0.000000;0.050000;0.050000;0.000000;0.200000;0.000000;0.000000;0.050000;0.400000;0.050000;0.275000;0.050000;0.050000;0.000000;0.000000;0.025000;
488;54859713;27.459709 ;1.025000;0.275000;0.000000;0.050000;0.050000;0.000000;0.200000;0.000000;0.000000;0.050000;0.400000;0.050000;0.275000;0.050000;0.050000;0.000000;0.000000;0.025000;
489;54856012;27.514565 ;1.025000;0.275000;0.000000;0.050000;0.050000;0.000000;0.200000;0.000000;0.000000;0.050000;0.400000;0.050000;0.275000;0.050000;0.050000;0.000000;0.000000;0.025000;
490;54914888;27.569480 ;1.025000;0.275000;0.000000;0.050000;0.050000;0.000000;0.200000;0.000000;0.000000;0.050000;0.400000;0.050000;0.275000;0.050000;0.050000;0.000000;0.000000;0.025000;
491;54848572;27.624328 ;1.025000;0.275000;0.000000;0.050000;0.050000;0.000000;0.200000;0.000000;0.000000;0.050000;0.400000;0.050000;0.275000;0.050000;0.050000;0.000000;0.000000;0.025000;
492;54865763;27.679194 ;1.025000;0.275000;0.000000;0.050000;0.050000;0.000000;0.200000;0.000000;0.000000;0.050000;0.400000;0.050000;0.275000;0.050000;0.050000;0.000000;0.000000;0.025000;
493;54845621;27.734040 ;1.025000;0.275000;0.000000;0.050000;0.050000;0.000000;0.200000;0.000000;0.000000;0.050000;0.400000;0.050000;0.275000;0.050000;0.050000;0.000000;0.000000;0.025000;
494;54851282;27.788891 ;1.025000;0.275000;0.000000;0.050000;0.050000;0.000000;0.200000;0.000000;0.000000;0.050000;0.400000;0.050000;0.275000;0.050000;0.050000;0.000000;0.000000;0.025000;
495;54852911;27.843744 ;1.025000;0.275000;0.000000;0.050000;0.050000;0.000000;0.200000;0.000000;0.000000;0.050000;0.400000;0.050000;0.275000;0.050000;0.050000;0.000000;0.000000;0.025000;
496;54845961;27.898590 ;1.025000;0.275000;0.000000;0.050000;0.050000;0.000000;0.200000;0.000000;0.000000;0.050000;0.400000;0.050000;0.275000;0.050000;0.050000;0.000000;0.000000;0.025000;
497;54849792;27.953440 ;1.025000;0.275000;0.000000;0.050000;0.050000;0.000000;0.200000;0.000000;0.000000;0.050000;0.400000;0.050000;0.275000;0.050000;0.050000;0.000000;0.000000;0.025000;
498;54856162;28.008296 ;1.025000;0.275000;0.000000;0.050000;0.050000;0.000000;0.200000;0.000000;0.000000;0.050000;0.400000;0.050000;0.275000;0.050000;0.050000;0.000000;0.000000;0.025000;
499;54847902;28.063144 ;1.025000;0.275000;0.000000;0.050000;0.050000;0.000000;0.200000;0.000000;0.000000;0.050000;0.400000;0.050000;0.275000;0.050000;0.050000;0.000000;0.000000;0.025000;
500;54854922;28.117999 ;1.025000;0.275000;0.000000;0.050000;0.050000;0.000000;0.200000;0.000000;0.000000;0.050000;0.400000;0.050000;0.275000;0.050000;0.050000;0.000000;0.000000;0.025000;
501;54863242;28.172862 ;1.025000;0.275000;0.000000;0.050000;0.050000;0.000000;0.200000;0.000000;0.000000;0.050000;0.400000;0.050000;0.275000;0.050000;0.050000;0.000000;0.000000;0.025000;
502;54874855;28.227737 ;1.025000;0.275000;0.000000;0.050000;0.050000;0.000000;0.200000;0.000000;0.000000;0.050000;0.400000;0.050000;0.275000;0.050000;0.050000;0.000000;0.000000;0.025000;
503;54848701;28.282585 ;1.025000;0.275000;0.000000;0.050000;0.050000;0.000000;0.200000;0.000000;0.000000;0.050000;0.400000;0.050000;0.275000;0.050000;0.050000;0.000000;0.000000;0.025000;
